distance_m,lat,lon,altitude_m,grade_pct
0,36.698898,-4.437332,36.9,0.05
5,36.698878,-4.437284,36.9,-0.00
10,36.698859,-4.437232,36.9,-0.02
15,36.698842,-4.437180,36.9,-0.02
20,36.698822,-4.437130,36.9,-0.08
25,36.698817,-4.437076,36.9,-0.08
30,36.698840,-4.437029,36.9,-0.04
35,36.698873,-4.436996,36.9,-0.08
40,36.698912,-4.436967,36.9,-0.12
45,36.698950,-4.436936,36.9,-0.18
50,36.698989,-4.436906,36.8,-0.20
55,36.699025,-4.436875,36.8,-0.20
60,36.699065,-4.436846,36.8,-0.20
65,36.699104,-4.436820,36.8,-0.14
70,36.699144,-4.436794,36.8,-0.08
75,36.699184,-4.436767,36.8,-0.02
80,36.699225,-4.436742,36.8,0.00
85,36.699266,-4.436722,36.8,0.00
90,36.699309,-4.436706,36.8,0.00
95,36.699350,-4.436688,36.8,0.00
100,36.699389,-4.436658,36.8,0.00
105,36.699429,-4.436628,36.8,0.00
110,36.699463,-4.436595,36.8,0.00
115,36.699498,-4.436558,36.8,0.00
120,36.699532,-4.436521,36.8,0.00
125,36.699570,-4.436489,36.8,0.00
130,36.699608,-4.436461,36.8,0.00
135,36.699644,-4.436433,36.8,0.00
140,36.699685,-4.436402,36.8,0.06
145,36.699722,-4.436370,36.8,0.12
150,36.699756,-4.436336,36.8,0.13
155,36.699793,-4.436302,36.8,0.13
160,36.699828,-4.436269,36.8,0.13
165,36.699866,-4.436236,36.8,0.13
170,36.699900,-4.436202,36.8,0.07
175,36.699931,-4.436161,36.8,0.01
180,36.699964,-4.436098,36.8,0.00
185,36.700007,-4.436043,36.8,0.00
190,36.700038,-4.436001,36.8,0.00
195,36.700065,-4.435955,36.8,-0.06
200,36.700085,-4.435905,36.8,-0.12
205,36.700098,-4.435852,36.8,-0.13
210,36.700111,-4.435799,36.8,-0.13
215,36.700131,-4.435748,36.8,-0.13
220,36.700155,-4.435701,36.8,-0.13
225,36.700185,-4.435659,36.8,-0.06
230,36.700222,-4.435627,36.8,0.06
235,36.700261,-4.435603,36.8,0.13
240,36.700305,-4.435587,36.8,0.14
245,36.700350,-4.435580,36.8,0.14
250,36.700404,-4.435579,36.8,0.14
255,36.700447,-4.435577,36.8,0.12
260,36.700490,-4.435558,36.8,0.06
265,36.700528,-4.435529,36.8,0.00
270,36.700563,-4.435492,36.8,0.00
275,36.700598,-4.435455,36.8,0.00
280,36.700629,-4.435417,36.8,-0.01
285,36.700662,-4.435379,36.8,-0.07
290,36.700693,-4.435339,36.8,-0.13
295,36.700726,-4.435298,36.8,-0.14
300,36.700757,-4.435258,36.8,-0.14
305,36.700787,-4.435217,36.8,-0.14
310,36.700819,-4.435177,36.8,-0.10
315,36.700852,-4.435138,36.8,0.02
320,36.700885,-4.435101,36.8,0.14
325,36.700917,-4.435063,36.8,0.20
330,36.700949,-4.435024,36.8,0.26
335,36.700983,-4.434985,36.8,0.32
340,36.701015,-4.434945,36.9,0.36
345,36.701046,-4.434907,36.9,0.36
350,36.701078,-4.434868,36.9,0.36
355,36.701109,-4.434828,36.9,0.36
360,36.701143,-4.434787,36.9,0.36
365,36.701174,-4.434746,37.0,0.34
370,36.701205,-4.434707,37.0,0.28
375,36.701237,-4.434667,37.0,0.22
380,36.701268,-4.434627,37.0,0.16
385,36.701298,-4.434587,37.0,0.10
390,36.701330,-4.434546,37.0,0.04
395,36.701361,-4.434506,37.0,0.00
400,36.701391,-4.434465,37.0,0.00
405,36.701422,-4.434424,37.0,0.00
410,36.701453,-4.434383,37.0,0.00
415,36.701484,-4.434343,37.0,0.00
420,36.701515,-4.434303,37.0,0.00
425,36.701548,-4.434264,37.0,0.00
430,36.701582,-4.434225,37.0,0.00
435,36.701614,-4.434187,37.0,0.00
440,36.701648,-4.434150,37.0,0.02
445,36.701681,-4.434113,37.0,0.08
450,36.701714,-4.434075,37.0,0.14
455,36.701748,-4.434037,37.0,0.20
460,36.701780,-4.433999,37.0,0.26
465,36.701814,-4.433962,37.0,0.32
470,36.701849,-4.433926,37.1,0.36
475,36.701883,-4.433889,37.1,0.36
480,36.701918,-4.433852,37.1,0.36
485,36.701953,-4.433817,37.1,0.36
490,36.701988,-4.433785,37.1,0.36
495,36.702024,-4.433751,37.2,0.35
500,36.702061,-4.433717,37.2,0.29
505,36.702095,-4.433684,37.2,0.23
510,36.702133,-4.433653,37.2,0.16
515,36.702173,-4.433624,37.2,0.10
520,36.702212,-4.433595,37.2,0.04
525,36.702250,-4.433566,37.2,0.00
530,36.702289,-4.433537,37.2,0.00
535,36.702326,-4.433508,37.2,0.00
540,36.702366,-4.433480,37.2,0.00
545,36.702405,-4.433454,37.2,0.00
550,36.702445,-4.433427,37.2,0.00
555,36.702486,-4.433400,37.2,0.05
560,36.702525,-4.433372,37.2,0.11
565,36.702563,-4.433344,37.2,0.17
570,36.702601,-4.433314,37.2,0.23
575,36.702640,-4.433286,37.2,0.29
580,36.702679,-4.433259,37.3,0.35
585,36.702717,-4.433230,37.3,0.36
590,36.702756,-4.433201,37.3,0.36
595,36.702793,-4.433171,37.3,0.36
600,36.702832,-4.433144,37.3,0.36
605,36.702873,-4.433118,37.3,0.36
610,36.702913,-4.433092,37.4,0.31
615,36.702952,-4.433065,37.4,0.25
620,36.702993,-4.433038,37.4,0.19
625,36.703030,-4.433010,37.4,0.13
630,36.703070,-4.432981,37.4,0.07
635,36.703109,-4.432952,37.4,0.01
640,36.703145,-4.432923,37.4,0.04
645,36.703185,-4.432895,37.4,0.10
650,36.703226,-4.432867,37.4,0.16
655,36.703266,-4.432839,37.4,0.22
660,36.703303,-4.432810,37.4,0.28
665,36.703340,-4.432781,37.4,0.30
670,36.703378,-4.432753,37.5,0.27
675,36.703420,-4.432724,37.5,0.21
680,36.703460,-4.432697,37.5,0.14
685,36.703499,-4.432671,37.5,0.08
690,36.703538,-4.432643,37.5,0.02
695,36.703576,-4.432614,37.5,-0.04
700,36.703613,-4.432584,37.5,-0.10
705,36.703651,-4.432555,37.5,-0.16
710,36.703689,-4.432526,37.5,-0.22
715,36.703728,-4.432498,37.5,-0.28
720,36.703770,-4.432470,37.4,-0.30
725,36.703809,-4.432442,37.4,-0.27
730,36.703847,-4.432413,37.4,-0.21
735,36.703885,-4.432382,37.4,-0.14
740,36.703922,-4.432352,37.4,-0.08
745,36.703958,-4.432322,37.4,-0.02
750,36.703997,-4.432294,37.4,0.00
755,36.704036,-4.432263,37.4,0.00
760,36.704074,-4.432233,37.4,0.00
765,36.704112,-4.432203,37.4,0.00
770,36.704152,-4.432173,37.4,0.00
775,36.704189,-4.432142,37.4,0.00
780,36.704227,-4.432113,37.4,0.00
785,36.704266,-4.432084,37.4,0.00
790,36.704304,-4.432054,37.4,0.00
795,36.704342,-4.432026,37.4,0.00
800,36.704380,-4.431998,37.4,0.00
805,36.704419,-4.431972,37.4,0.00
810,36.704457,-4.431940,37.4,0.00
815,36.704496,-4.431910,37.4,0.00
820,36.704533,-4.431880,37.4,0.00
825,36.704570,-4.431850,37.4,0.00
830,36.704609,-4.431819,37.4,0.00
835,36.704647,-4.431791,37.4,0.00
840,36.704685,-4.431761,37.4,0.00
845,36.704723,-4.431731,37.4,0.00
850,36.704763,-4.431700,37.4,0.00
855,36.704802,-4.431670,37.4,0.00
860,36.704837,-4.431638,37.4,0.00
865,36.704876,-4.431609,37.4,0.00
870,36.704914,-4.431580,37.4,0.00
875,36.704952,-4.431550,37.4,0.00
880,36.704991,-4.431520,37.4,0.00
885,36.705030,-4.431490,37.4,0.00
890,36.705067,-4.431460,37.4,0.00
895,36.705104,-4.431429,37.4,0.00
900,36.705141,-4.431398,37.4,0.00
905,36.705178,-4.431368,37.4,0.00
910,36.705216,-4.431338,37.4,0.00
915,36.705253,-4.431308,37.4,0.00
920,36.705293,-4.431278,37.4,0.00
925,36.705329,-4.431247,37.4,0.00
930,36.705367,-4.431215,37.4,0.00
935,36.705404,-4.431182,37.4,0.00
940,36.705442,-4.431150,37.4,0.00
945,36.705477,-4.431118,37.4,0.00
950,36.705514,-4.431086,37.4,0.00
955,36.705552,-4.431054,37.4,0.00
960,36.705590,-4.431022,37.4,0.00
965,36.705628,-4.430992,37.4,0.00
970,36.705666,-4.430962,37.4,0.00
975,36.705703,-4.430930,37.4,0.00
980,36.705738,-4.430898,37.4,0.00
985,36.705775,-4.430867,37.4,0.02
990,36.705815,-4.430837,37.4,0.08
995,36.705853,-4.430806,37.4,0.14
1000,36.705891,-4.430775,37.4,0.20
1005,36.705927,-4.430743,37.4,0.26
1010,36.705963,-4.430712,37.4,0.32
1015,36.706001,-4.430679,37.5,0.36
1020,36.706039,-4.430647,37.5,0.36
1025,36.706075,-4.430616,37.5,0.36
1030,36.706113,-4.430584,37.5,0.36
1035,36.706148,-4.430553,37.5,0.36
1040,36.706186,-4.430520,37.6,0.35
1045,36.706222,-4.430485,37.6,0.29
1050,36.706258,-4.430451,37.6,0.22
1055,36.706295,-4.430420,37.6,0.16
1060,36.706330,-4.430388,37.6,0.10
1065,36.706369,-4.430357,37.6,0.04
1070,36.706407,-4.430327,37.6,0.00
1075,36.706444,-4.430296,37.6,0.00
1080,36.706480,-4.430263,37.6,0.00
1085,36.706518,-4.430230,37.6,0.00
1090,36.706554,-4.430198,37.6,0.00
1095,36.706590,-4.430166,37.6,0.00
1100,36.706628,-4.430135,37.6,0.02
1105,36.706666,-4.430102,37.6,0.08
1110,36.706701,-4.430069,37.6,0.14
1115,36.706738,-4.430037,37.6,0.20
1120,36.706776,-4.430005,37.6,0.26
1125,36.706814,-4.429973,37.6,0.32
1130,36.706848,-4.429941,37.7,0.36
1135,36.706885,-4.429909,37.7,0.36
1140,36.706922,-4.429877,37.7,0.36
1145,36.706960,-4.429846,37.7,0.36
1150,36.706998,-4.429814,37.7,0.36
1155,36.707034,-4.429781,37.8,0.37
1160,36.707071,-4.429749,37.8,0.37
1165,36.707109,-4.429717,37.8,0.37
1170,36.707146,-4.429685,37.8,0.37
1175,36.707179,-4.429651,37.8,0.37
1180,36.707215,-4.429618,37.8,0.37
1185,36.707253,-4.429585,37.9,0.36
1190,36.707288,-4.429551,37.9,0.36
1195,36.707330,-4.429517,37.9,0.36
1200,36.707371,-4.429483,37.9,0.36
1205,36.707408,-4.429450,37.9,0.36
1210,36.707446,-4.429418,38.0,0.33
1215,36.707480,-4.429384,38.0,0.27
1220,36.707517,-4.429351,38.0,0.21
1225,36.707554,-4.429317,38.0,0.15
1230,36.707589,-4.429284,38.0,0.09
1235,36.707626,-4.429252,38.0,0.03
1240,36.707664,-4.429220,38.0,0.00
1245,36.707700,-4.429188,38.0,0.00
1250,36.707738,-4.429156,38.0,0.00
1255,36.707775,-4.429124,38.0,0.00
1260,36.707811,-4.429092,38.0,0.00
1265,36.707848,-4.429061,38.0,0.00
1270,36.707887,-4.429029,38.0,0.00
1275,36.707923,-4.428996,38.0,0.00
1280,36.707961,-4.428965,38.0,0.00
1285,36.707998,-4.428934,38.0,0.00
1290,36.708033,-4.428902,38.0,0.00
1295,36.708070,-4.428868,38.0,0.00
1300,36.708105,-4.428832,38.0,0.00
1305,36.708137,-4.428796,38.0,0.00
1310,36.708176,-4.428764,38.0,0.00
1315,36.708213,-4.428733,38.0,0.00
1320,36.708249,-4.428702,38.0,0.00
1325,36.708289,-4.428670,38.0,0.00
1330,36.708325,-4.428638,38.0,0.00
1335,36.708363,-4.428608,38.0,0.00
1340,36.708400,-4.428577,38.0,0.00
1345,36.708437,-4.428544,38.0,0.00
1350,36.708474,-4.428511,38.0,0.00
1355,36.708508,-4.428477,38.0,0.00
1360,36.708546,-4.428444,38.0,0.00
1365,36.708582,-4.428411,38.0,0.00
1370,36.708617,-4.428376,38.0,0.00
1375,36.708653,-4.428340,38.0,0.00
1380,36.708686,-4.428306,38.0,0.00
1385,36.708722,-4.428273,38.0,0.00
1390,36.708758,-4.428241,38.0,0.00
1395,36.708795,-4.428207,38.0,0.00
1400,36.708832,-4.428174,38.0,0.00
1405,36.708868,-4.428141,38.0,0.00
1410,36.708904,-4.428106,38.0,0.00
1415,36.708941,-4.428072,38.0,0.00
1420,36.708976,-4.428037,38.0,0.00
1425,36.709011,-4.428003,38.0,0.00
1430,36.709048,-4.427971,38.0,-0.01
1435,36.709085,-4.427938,38.0,-0.05
1440,36.709120,-4.427903,38.0,-0.11
1445,36.709154,-4.427869,38.0,-0.17
1450,36.709189,-4.427835,38.0,-0.23
1455,36.709225,-4.427800,38.0,-0.29
1460,36.709261,-4.427764,37.9,-0.35
1465,36.709296,-4.427728,37.9,-0.36
1470,36.709328,-4.427692,37.9,-0.36
1475,36.709362,-4.427656,37.9,-0.36
1480,36.709397,-4.427620,37.9,-0.36
1485,36.709434,-4.427585,37.9,-0.35
1490,36.709470,-4.427552,37.8,-0.31
1495,36.709508,-4.427521,37.8,-0.25
1500,36.709547,-4.427491,37.8,-0.19
1505,36.709585,-4.427462,37.8,-0.13
1510,36.709622,-4.427434,37.8,-0.07
1515,36.709660,-4.427405,37.8,-0.02
1520,36.709699,-4.427374,37.8,0.00
1525,36.709737,-4.427343,37.8,0.00
1530,36.709775,-4.427313,37.8,0.00
1535,36.709814,-4.427283,37.8,0.00
1540,36.709851,-4.427252,37.8,0.01
1545,36.709888,-4.427221,37.8,0.07
1550,36.709925,-4.427187,37.8,0.13
1555,36.709961,-4.427153,37.8,0.19
1560,36.709996,-4.427120,37.8,0.25
1565,36.710032,-4.427087,37.8,0.36
1570,36.710070,-4.427056,37.9,0.47
1575,36.710108,-4.427025,37.9,0.54
1580,36.710144,-4.426994,37.9,0.62
1585,36.710182,-4.426962,37.9,0.74
1590,36.710216,-4.426927,38.0,0.86
1595,36.710250,-4.426891,38.0,0.98
1600,36.710287,-4.426855,38.1,1.05
1605,36.710319,-4.426819,38.1,1.17
1610,36.710355,-4.426783,38.2,1.27
1615,36.710389,-4.426747,38.3,1.39
1620,36.710424,-4.426712,38.3,1.46
1625,36.710460,-4.426677,38.4,1.54
1630,36.710497,-4.426643,38.5,1.68
1635,36.710532,-4.426609,38.6,1.78
1640,36.710566,-4.426576,38.7,1.89
1645,36.710601,-4.426541,38.8,1.95
1650,36.710640,-4.426507,38.9,2.02
1655,36.710674,-4.426472,39.0,2.08
1660,36.710708,-4.426435,39.1,2.17
1665,36.710741,-4.426399,39.2,2.25
1670,36.710778,-4.426365,39.3,2.26
1675,36.710814,-4.426332,39.4,2.26
1680,36.710848,-4.426295,39.5,2.23
1685,36.710880,-4.426257,39.7,2.15
1690,36.710911,-4.426216,39.8,1.97
1695,36.710941,-4.426174,39.8,1.73
1700,36.710973,-4.426122,39.9,1.55
1705,36.711009,-4.426086,40.0,1.35
1710,36.711046,-4.426054,40.1,1.17
1715,36.711082,-4.426021,40.1,0.90
1720,36.711118,-4.425988,40.2,0.65
1725,36.711155,-4.425952,40.2,0.46
1730,36.711190,-4.425918,40.2,0.28
1735,36.711225,-4.425885,40.2,0.12
1740,36.711261,-4.425850,40.2,0.00
1745,36.711294,-4.425813,40.2,-0.01
1750,36.711326,-4.425774,40.2,-0.06
1755,36.711359,-4.425737,40.2,-0.12
1760,36.711395,-4.425700,40.2,-0.18
1765,36.711429,-4.425663,40.2,-0.26
1770,36.711464,-4.425627,40.2,-0.38
1775,36.711498,-4.425591,40.1,-0.49
1780,36.711531,-4.425555,40.1,-0.59
1785,36.711567,-4.425518,40.1,-0.71
1790,36.711601,-4.425483,40.0,-0.83
1795,36.711637,-4.425449,40.0,-0.97
1800,36.711672,-4.425414,40.0,-1.08
1805,36.711707,-4.425379,39.9,-1.15
1810,36.711741,-4.425345,39.8,-1.22
1815,36.711777,-4.425309,39.8,-1.28
1820,36.711812,-4.425273,39.7,-1.32
1825,36.711847,-4.425238,39.6,-1.33
1830,36.711882,-4.425203,39.6,-1.34
1835,36.711917,-4.425168,39.5,-1.43
1840,36.711952,-4.425134,39.4,-1.45
1845,36.711987,-4.425099,39.4,-1.46
1850,36.712023,-4.425064,39.3,-1.48
1855,36.712058,-4.425029,39.2,-1.50
1860,36.712093,-4.424995,39.1,-1.49
1865,36.712129,-4.424960,39.1,-1.47
1870,36.712164,-4.424924,39.0,-1.47
1875,36.712198,-4.424888,38.9,-1.47
1880,36.712233,-4.424852,38.8,-1.46
1885,36.712268,-4.424817,38.8,-1.44
1890,36.712303,-4.424782,38.7,-1.39
1895,36.712337,-4.424746,38.6,-1.33
1900,36.712372,-4.424711,38.5,-1.26
1905,36.712407,-4.424676,38.5,-1.16
1910,36.712442,-4.424641,38.4,-1.04
1915,36.712477,-4.424606,38.4,-0.93
1920,36.712511,-4.424570,38.3,-0.83
1925,36.712546,-4.424533,38.3,-0.71
1930,36.712582,-4.424497,38.3,-0.59
1935,36.712617,-4.424463,38.2,-0.47
1940,36.712652,-4.424430,38.2,-0.35
1945,36.712689,-4.424396,38.2,-0.26
1950,36.712725,-4.424362,38.2,-0.23
1955,36.712760,-4.424327,38.2,-0.23
1960,36.712794,-4.424292,38.2,-0.23
1965,36.712830,-4.424256,38.2,-0.27
1970,36.712864,-4.424222,38.2,-0.33
1975,36.712900,-4.424186,38.1,-0.36
1980,36.712935,-4.424152,38.1,-0.36
1985,36.713641,-4.423521,38.1,-0.36
1990,36.714739,-4.422537,38.1,-0.36
1995,36.714776,-4.422504,38.1,-0.36
2000,36.714813,-4.422470,38.0,-0.34
2005,36.714848,-4.422437,38.0,-0.28
2010,36.714882,-4.422400,38.0,-0.22
2015,36.714918,-4.422368,38.0,-0.16
2020,36.714957,-4.422340,38.0,-0.10
2025,36.714994,-4.422308,38.0,-0.06
2030,36.715031,-4.422274,38.0,-0.09
2035,36.715066,-4.422240,38.0,-0.15
2040,36.715101,-4.422206,38.0,-0.19
2045,36.715137,-4.422172,38.0,-0.19
2050,36.715172,-4.422137,38.0,-0.19
2055,36.715208,-4.422103,37.9,-0.16
2060,36.715243,-4.422067,37.9,-0.10
2065,36.715278,-4.422032,37.9,-0.04
2070,36.715314,-4.421998,37.9,-0.02
2075,36.715351,-4.421967,37.9,-0.07
2080,36.715388,-4.421935,37.9,-0.10
2085,36.715426,-4.421903,37.9,-0.10
2090,36.715462,-4.421868,37.9,-0.10
2095,36.715497,-4.421833,37.9,-0.12
2100,36.715532,-4.421797,37.9,-0.17
2105,36.715564,-4.421758,37.9,-0.14
2110,36.715596,-4.421719,37.9,-0.10
2115,36.715628,-4.421681,37.9,-0.10
2120,36.715660,-4.421642,37.9,-0.10
2125,36.715692,-4.421602,37.9,-0.13
2130,36.715724,-4.421562,37.9,-0.08
2135,36.715755,-4.421522,37.9,-0.05
2140,36.715786,-4.421482,37.9,-0.05
2145,36.715820,-4.421444,37.9,-0.05
2150,36.715877,-4.421382,37.9,-0.05
2155,36.715911,-4.421341,37.9,-0.01
2160,36.715944,-4.421305,37.9,-0.09
2165,36.715980,-4.421271,37.9,-0.21
2170,36.716017,-4.421236,37.9,-0.33
2175,36.716051,-4.421200,37.8,-0.46
2180,36.716085,-4.421166,37.8,-0.52
2185,36.716120,-4.421131,37.8,-0.57
2190,36.716155,-4.421096,37.7,-0.55
2195,36.716192,-4.421060,37.7,-0.48
2200,36.716228,-4.421026,37.7,-0.42
2205,36.716263,-4.420990,37.7,-0.36
2210,36.716296,-4.420953,37.7,-0.33
2215,36.716331,-4.420918,37.6,-0.22
2220,36.716370,-4.420888,37.6,-0.09
2225,36.716402,-4.420850,37.6,0.03
2230,36.716438,-4.420815,37.6,0.15
2235,36.716473,-4.420780,37.6,0.27
2240,36.716508,-4.420746,37.7,0.35
2245,36.716542,-4.420712,37.7,0.36
2250,36.716581,-4.420681,37.7,0.36
2255,36.716619,-4.420649,37.7,0.36
2260,36.716654,-4.420617,37.7,0.36
2265,36.716690,-4.420583,37.8,0.33
2270,36.716727,-4.420548,37.8,0.27
2275,36.716763,-4.420514,37.8,0.21
2280,36.716797,-4.420477,37.8,0.15
2285,36.716832,-4.420444,37.8,0.09
2290,36.716868,-4.420411,37.8,0.03
2295,36.716903,-4.420378,37.8,0.00
2300,36.716939,-4.420342,37.8,0.00
2305,36.716973,-4.420305,37.8,0.00
2310,36.717007,-4.420268,37.8,0.00
2315,36.717041,-4.420232,37.8,0.00
2320,36.717078,-4.420198,37.8,0.00
2325,36.717115,-4.420165,37.8,0.00
2330,36.717151,-4.420132,37.8,0.00
2335,36.717187,-4.420098,37.8,0.00
2340,36.717222,-4.420065,37.8,0.00
2345,36.717257,-4.420031,37.8,0.00
2350,36.717293,-4.419996,37.8,0.00
2355,36.717328,-4.419959,37.8,0.00
2360,36.717362,-4.419922,37.8,0.00
2365,36.717395,-4.419886,37.8,0.00
2370,36.717429,-4.419849,37.8,0.00
2375,36.717462,-4.419813,37.8,0.00
2380,36.717497,-4.419775,37.8,0.00
2385,36.717530,-4.419736,37.8,0.00
2390,36.717561,-4.419696,37.8,0.00
2395,36.717587,-4.419651,37.8,-0.01
2400,36.717612,-4.419605,37.8,-0.07
2405,36.717634,-4.419557,37.8,-0.13
2410,36.717653,-4.419506,37.8,-0.19
2415,36.717669,-4.419454,37.8,-0.25
2420,36.717685,-4.419401,37.8,-0.31
2425,36.717700,-4.419348,37.7,-0.38
2430,36.717714,-4.419294,37.7,-0.44
2435,36.717727,-4.419241,37.7,-0.50
2440,36.717740,-4.419188,37.7,-0.56
2445,36.717755,-4.419135,37.6,-0.62
2450,36.717770,-4.419082,37.6,-0.67
2455,36.717783,-4.419029,37.6,-0.65
2460,36.717801,-4.418977,37.5,-0.60
2465,36.717817,-4.418924,37.5,-0.54
2470,36.717830,-4.418872,37.5,-0.48
2475,36.717845,-4.418818,37.5,-0.41
2480,36.717861,-4.418765,37.4,-0.38
2485,36.717876,-4.418713,37.4,-0.38
2490,36.717888,-4.418660,37.4,-0.38
2495,36.717902,-4.418606,37.4,-0.38
2500,36.717917,-4.418553,37.4,-0.38
2505,36.717932,-4.418500,37.4,-0.38
2510,36.717946,-4.418447,37.3,-0.37
2515,36.717958,-4.418394,37.3,-0.36
2520,36.717973,-4.418341,37.3,-0.36
2525,36.717988,-4.418287,37.3,-0.36
2530,36.718003,-4.418235,37.3,-0.36
2535,36.718021,-4.418184,37.2,-0.33
2540,36.718040,-4.418132,37.2,-0.27
2545,36.718056,-4.418080,37.2,-0.21
2550,36.718071,-4.418028,37.2,-0.15
2555,36.718086,-4.417975,37.2,-0.09
2560,36.718100,-4.417922,37.2,-0.03
2565,36.718114,-4.417868,37.2,0.00
2570,36.718126,-4.417815,37.2,0.00
2575,36.718142,-4.417763,37.2,0.00
2580,36.718159,-4.417711,37.2,0.00
2585,36.718178,-4.417661,37.2,0.00
2590,36.718198,-4.417610,37.2,0.00
2595,36.718217,-4.417559,37.2,0.00
2600,36.718235,-4.417508,37.2,0.00
2605,36.718252,-4.417455,37.2,0.00
2610,36.718269,-4.417403,37.2,0.00
2615,36.718284,-4.417351,37.2,0.00
2620,36.718299,-4.417298,37.2,0.00
2625,36.718314,-4.417245,37.2,0.00
2630,36.718329,-4.417193,37.2,0.00
2635,36.718344,-4.417140,37.2,0.00
2640,36.718359,-4.417087,37.2,0.00
2645,36.718372,-4.417034,37.2,0.00
2650,36.718384,-4.416980,37.2,0.00
2655,36.718397,-4.416926,37.2,0.00
2660,36.718409,-4.416872,37.2,0.00
2665,36.718423,-4.416819,37.2,0.00
2670,36.718442,-4.416768,37.2,0.00
2675,36.718454,-4.416714,37.2,0.04
2680,36.718468,-4.416661,37.2,0.10
2685,36.718484,-4.416608,37.2,0.16
2690,36.718498,-4.416556,37.2,0.22
2695,36.718513,-4.416503,37.2,0.28
2700,36.718528,-4.416450,37.2,0.34
2705,36.718543,-4.416397,37.3,0.36
2710,36.718557,-4.416344,37.3,0.36
2715,36.718570,-4.416290,37.3,0.36
2720,36.718582,-4.416236,37.3,0.38
2725,36.718594,-4.416182,37.3,0.44
2730,36.718607,-4.416128,37.4,0.46
2735,36.718620,-4.416075,37.4,0.46
2740,36.718631,-4.416021,37.4,0.46
2745,36.718646,-4.415969,37.4,0.46
2750,36.718659,-4.415915,37.5,0.44
2755,36.718673,-4.415861,37.5,0.38
2760,36.718682,-4.415806,37.5,0.36
2765,36.718696,-4.415753,37.5,0.36
2770,36.718737,-4.415596,37.5,0.35
2775,36.718747,-4.415542,37.6,0.28
2780,36.718760,-4.415488,37.6,0.21
2785,36.718774,-4.415434,37.6,0.15
2790,36.718789,-4.415381,37.6,0.06
2795,36.718802,-4.415329,37.6,-0.06
2800,36.718817,-4.415275,37.6,-0.17
2805,36.718833,-4.415222,37.6,-0.22
2810,36.718846,-4.415169,37.5,-0.28
2815,36.718859,-4.415116,37.5,-0.34
2820,36.718871,-4.415062,37.5,-0.36
2825,36.718886,-4.415009,37.5,-0.35
2830,36.718901,-4.414956,37.5,-0.29
2835,36.718917,-4.414904,37.5,-0.29
2840,36.718933,-4.414852,37.4,-0.29
2845,36.718949,-4.414799,37.4,-0.26
2850,36.718959,-4.414745,37.4,-0.20
2855,36.718976,-4.414692,37.4,-0.15
2860,36.718993,-4.414640,37.4,-0.14
2865,36.719010,-4.414589,37.4,-0.09
2870,36.719026,-4.414536,37.4,-0.03
2875,36.719040,-4.414484,37.4,0.00
2880,36.719054,-4.414431,37.4,0.00
2885,36.719072,-4.414378,37.4,0.00
2890,36.719090,-4.414327,37.4,-0.04
2895,36.719106,-4.414275,37.4,-0.08
2900,36.719121,-4.414222,37.4,-0.08
2905,36.719136,-4.414169,37.4,-0.08
2910,36.719151,-4.414116,37.4,-0.08
2915,36.719164,-4.414063,37.4,-0.08
2920,36.719177,-4.414010,37.4,-0.03
2925,36.719192,-4.413957,37.4,-0.00
2930,36.719205,-4.413903,37.4,-0.05
2935,36.719220,-4.413850,37.4,-0.11
2940,36.719235,-4.413798,37.4,-0.15
2945,36.719252,-4.413745,37.4,-0.11
2950,36.719266,-4.413692,37.3,-0.08
2955,36.719281,-4.413639,37.3,-0.08
2960,36.719295,-4.413586,37.3,-0.03
2965,36.719307,-4.413532,37.4,0.09
2970,36.719316,-4.413478,37.4,0.19
2975,36.719327,-4.413424,37.4,0.25
2980,36.719340,-4.413370,37.4,0.34
2985,36.719356,-4.413318,37.4,0.52
2990,36.719374,-4.413267,37.4,0.75
2995,36.719392,-4.413215,37.5,0.94
3000,36.719410,-4.413163,37.5,1.13
3005,36.719424,-4.413110,37.6,1.31
3010,36.719439,-4.413058,37.7,1.53
3015,36.719457,-4.413006,37.7,1.75
3020,36.719472,-4.412953,37.8,1.95
3025,36.719484,-4.412900,37.9,2.19
3030,36.719498,-4.412846,38.0,2.49
3035,36.719513,-4.412793,38.2,2.80
3040,36.719528,-4.412740,38.3,3.14
3045,36.719540,-4.412686,38.5,3.46
3050,36.719550,-4.412632,38.7,3.79
3055,36.719560,-4.412578,38.9,4.11
3060,36.719569,-4.412523,39.1,4.44
3065,36.719579,-4.412468,39.3,4.72
3070,36.719589,-4.412413,39.5,4.92
3075,36.719597,-4.412358,39.8,4.98
3080,36.719605,-4.412303,40.1,4.96
3085,36.719611,-4.412248,40.3,4.84
3090,36.719618,-4.412192,40.6,4.53
3095,36.719625,-4.412137,40.8,4.11
3100,36.719635,-4.412083,41.0,3.62
3105,36.719638,-4.412027,41.2,3.12
3110,36.719631,-4.411973,41.3,2.54
3115,36.719619,-4.411919,41.4,1.84
3120,36.719595,-4.411845,41.5,1.15
3125,36.719532,-4.411760,41.5,0.45
3130,36.719512,-4.411711,41.5,-0.17
3135,36.719484,-4.411668,41.5,-0.73
3140,36.719452,-4.411630,41.4,-1.24
3145,36.719419,-4.411593,41.4,-1.54
3150,36.719383,-4.411553,41.3,-1.71
3155,36.719379,-4.411439,41.2,-1.80
3160,36.719362,-4.411389,41.1,-1.90
3165,36.719332,-4.411346,41.0,-1.96
3170,36.719298,-4.411310,40.9,-1.91
3175,36.719269,-4.411267,40.8,-1.90
3180,36.719234,-4.411233,40.7,-1.85
3185,36.719201,-4.411194,40.6,-1.77
3190,36.719172,-4.411151,40.5,-1.71
3195,36.719140,-4.411113,40.4,-1.63
3200,36.719107,-4.411076,40.4,-1.56
3205,36.719079,-4.411031,40.3,-1.51
3210,36.719050,-4.410988,40.2,-1.48
3215,36.719020,-4.410948,40.1,-1.41
3220,36.718991,-4.410906,40.1,-1.31
3225,36.718961,-4.410864,40.0,-1.22
3230,36.718931,-4.410823,39.9,-1.10
3235,36.718900,-4.410782,39.9,-0.98
3240,36.718868,-4.410743,39.8,-0.88
3245,36.718836,-4.410703,39.8,-0.78
3250,36.718809,-4.410659,39.8,-0.66
3255,36.718781,-4.410615,39.7,-0.57
3260,36.718748,-4.410577,39.7,-0.50
3265,36.718713,-4.410541,39.7,-0.44
3270,36.718679,-4.410505,39.7,-0.39
3275,36.718646,-4.410467,39.7,-0.35
3280,36.718612,-4.410429,39.6,-0.31
3285,36.718579,-4.410391,39.6,-0.25
3290,36.718545,-4.410354,39.6,-0.18
3295,36.718512,-4.410317,39.6,-0.12
3300,36.718478,-4.410279,39.6,-0.06
3305,36.718444,-4.410241,39.6,-0.02
3310,36.718413,-4.410201,39.6,0.00
3315,36.718383,-4.410159,39.6,0.00
3320,36.718355,-4.410117,39.6,-0.00
3325,36.718329,-4.410071,39.6,-0.04
3330,36.718305,-4.410024,39.6,-0.10
3335,36.718284,-4.409973,39.6,-0.16
3340,36.718265,-4.409922,39.6,-0.22
3345,36.718253,-4.409869,39.6,-0.26
3350,36.718242,-4.409815,39.6,-0.27
3355,36.718234,-4.409760,39.5,-0.23
3360,36.718228,-4.409705,39.5,-0.17
3365,36.718225,-4.409649,39.5,-0.11
3370,36.718225,-4.409593,39.5,-0.05
3375,36.718233,-4.409538,39.5,-0.01
3380,36.718241,-4.409482,39.5,0.04
3385,36.718250,-4.409428,39.5,0.10
3390,36.718260,-4.409374,39.5,0.16
3395,36.718271,-4.409319,39.5,0.22
3400,36.718284,-4.409265,39.5,0.26
3405,36.718297,-4.409211,39.6,0.27
3410,36.718309,-4.409158,39.6,0.23
3415,36.718321,-4.409104,39.6,0.17
3420,36.718341,-4.409054,39.6,0.11
3425,36.718361,-4.409004,39.6,0.05
3430,36.718384,-4.408955,39.6,0.01
3435,36.718408,-4.408908,39.6,0.00
3440,36.718434,-4.408862,39.6,0.00
3445,36.718461,-4.408817,39.6,0.00
3450,36.718489,-4.408773,39.6,0.00
3455,36.718516,-4.408730,39.6,0.02
3460,36.718544,-4.408686,39.6,0.08
3465,36.718572,-4.408642,39.6,0.14
3470,36.718600,-4.408598,39.6,0.20
3475,36.718627,-4.408554,39.6,0.24
3480,36.718655,-4.408510,39.6,0.25
3485,36.718683,-4.408465,39.7,0.22
3490,36.718711,-4.408421,39.7,0.17
3495,36.718738,-4.408376,39.7,0.11
3500,36.718765,-4.408330,39.7,0.05
3505,36.718791,-4.408285,39.7,0.01
3510,36.718818,-4.408241,39.7,-0.02
3515,36.718845,-4.408196,39.7,-0.08
3520,36.718871,-4.408151,39.7,-0.14
3525,36.718898,-4.408106,39.7,-0.20
3530,36.718925,-4.408061,39.7,-0.24
3535,36.718953,-4.408017,39.6,-0.25
3540,36.718981,-4.407973,39.6,-0.22
3545,36.719009,-4.407929,39.6,-0.17
3550,36.719037,-4.407885,39.6,-0.11
3555,36.719068,-4.407845,39.6,-0.09
3560,36.719100,-4.407805,39.6,-0.11
3565,36.719129,-4.407763,39.6,-0.16
3570,36.719158,-4.407721,39.6,-0.22
3575,36.719188,-4.407678,39.6,-0.28
3580,36.719217,-4.407635,39.6,-0.34
3585,36.719242,-4.407588,39.5,-0.36
3590,36.719267,-4.407541,39.5,-0.37
3595,36.719290,-4.407493,39.5,-0.41
3600,36.719313,-4.407445,39.5,-0.47
3605,36.719334,-4.407396,39.5,-0.52
3610,36.719356,-4.407348,39.4,-0.55
3615,36.719379,-4.407300,39.4,-0.55
3620,36.719403,-4.407252,39.4,-0.54
3625,36.719427,-4.407204,39.3,-0.51
3630,36.719451,-4.407156,39.3,-0.45
3635,36.719472,-4.407108,39.3,-0.39
3640,36.719493,-4.407059,39.3,-0.36
3645,36.719516,-4.407011,39.3,-0.36
3650,36.719538,-4.406961,39.2,-0.32
3655,36.719560,-4.406912,39.2,-0.26
3660,36.719581,-4.406862,39.2,-0.20
3665,36.719600,-4.406812,39.2,-0.14
3670,36.719620,-4.406762,39.2,-0.08
3675,36.719641,-4.406712,39.2,-0.02
3680,36.719662,-4.406662,39.2,0.00
3685,36.719682,-4.406613,39.2,0.00
3690,36.719703,-4.406563,39.2,0.00
3695,36.719725,-4.406513,39.2,0.00
3700,36.719746,-4.406464,39.2,-0.03
3705,36.719766,-4.406415,39.2,-0.09
3710,36.719787,-4.406365,39.2,-0.15
3715,36.719809,-4.406316,39.2,-0.21
3720,36.719830,-4.406267,39.2,-0.27
3725,36.719851,-4.406217,39.2,-0.33
3730,36.719871,-4.406167,39.1,-0.36
3735,36.719891,-4.406117,39.1,-0.35
3740,36.719913,-4.406068,39.1,-0.30
3745,36.719936,-4.406019,39.1,-0.24
3750,36.719958,-4.405970,39.1,-0.18
3755,36.719980,-4.405921,39.1,-0.06
3760,36.720000,-4.405872,39.1,0.13
3765,36.720021,-4.405823,39.1,0.30
3770,36.720043,-4.405773,39.1,0.49
3775,36.720064,-4.405723,39.1,0.73
3780,36.720083,-4.405673,39.2,0.91
3785,36.720102,-4.405622,39.2,1.03
3790,36.720120,-4.405570,39.3,1.08
3795,36.720138,-4.405519,39.3,1.09
3800,36.720154,-4.405467,39.4,1.03
3805,36.720174,-4.405416,39.4,0.89
3810,36.720191,-4.405366,39.5,0.73
3815,36.720211,-4.405305,39.5,0.54
3820,36.720227,-4.405253,39.5,0.38
3825,36.720240,-4.405199,39.6,0.18
3830,36.720256,-4.405146,39.6,-0.06
3835,36.720270,-4.405094,39.6,-0.22
3840,36.720287,-4.405041,39.5,-0.30
3845,36.720301,-4.404988,39.5,-0.36
3850,36.720313,-4.404935,39.5,-0.42
3855,36.720325,-4.404881,39.5,-0.42
3860,36.720338,-4.404827,39.4,-0.34
3865,36.720350,-4.404773,39.4,-0.28
3870,36.720362,-4.404719,39.4,-0.22
3875,36.720374,-4.404665,39.4,-0.16
3880,36.720386,-4.404611,39.4,-0.10
3885,36.720395,-4.404556,39.4,-0.01
3890,36.720404,-4.404501,39.4,0.09
3895,36.720411,-4.404446,39.4,0.15
3900,36.720420,-4.404391,39.4,0.21
3905,36.720429,-4.404336,39.4,0.27
3910,36.720436,-4.404281,39.4,0.33
3915,36.720444,-4.404226,39.5,0.36
3920,36.720453,-4.404171,39.5,0.36
3925,36.720460,-4.404116,39.5,0.36
3930,36.720467,-4.404060,39.5,0.36
3935,36.720469,-4.404005,39.5,0.36
3940,36.720470,-4.403949,39.6,0.34
3945,36.720470,-4.403893,39.6,0.28
3950,36.720472,-4.403837,39.6,0.21
3955,36.720474,-4.403781,39.6,0.15
3960,36.720477,-4.403725,39.6,0.09
3965,36.720478,-4.403669,39.6,0.03
3970,36.720478,-4.403613,39.6,0.00
3975,36.720480,-4.403557,39.6,0.00
3980,36.720482,-4.403501,39.6,0.00
3985,36.720487,-4.403446,39.6,0.00
3990,36.720490,-4.403390,39.6,0.00
3995,36.720492,-4.403334,39.6,0.00
4000,36.720496,-4.403278,39.6,0.00
4005,36.720500,-4.403222,39.6,0.00
4010,36.720505,-4.403167,39.6,0.00
4015,36.720510,-4.403111,39.6,0.00
4020,36.720518,-4.403056,39.6,0.00
4025,36.720528,-4.403001,39.6,0.00
4030,36.720539,-4.402947,39.6,0.00
4035,36.720550,-4.402893,39.6,0.00
4040,36.720561,-4.402839,39.6,-0.02
4045,36.720576,-4.402786,39.6,-0.08
4050,36.720591,-4.402733,39.6,-0.14
4055,36.720610,-4.402682,39.6,-0.20
4060,36.720628,-4.402630,39.6,-0.26
4065,36.720645,-4.402579,39.6,-0.32
4070,36.720663,-4.402527,39.5,-0.36
4075,36.720682,-4.402476,39.5,-0.36
4080,36.720700,-4.402425,39.5,-0.36
4085,36.720717,-4.402374,39.5,-0.36
4090,36.720737,-4.402323,39.5,-0.36
4095,36.720756,-4.402272,39.4,-0.34
4100,36.720776,-4.402222,39.4,-0.28
4105,36.720794,-4.402171,39.4,-0.22
4110,36.720812,-4.402120,39.4,-0.16
4115,36.720831,-4.402069,39.4,-0.10
4120,36.720851,-4.402019,39.4,-0.04
4125,36.720870,-4.401968,39.4,-0.00
4130,36.720889,-4.401917,39.4,0.00
4135,36.720907,-4.401865,39.4,0.00
4140,36.720924,-4.401813,39.4,0.00
4145,36.720941,-4.401762,39.4,0.00
4150,36.720959,-4.401711,39.4,0.00
4155,36.720977,-4.401660,39.4,0.00
4160,36.720995,-4.401609,39.4,0.00
4165,36.721013,-4.401558,39.4,0.00
4170,36.721031,-4.401507,39.4,0.00
4175,36.721049,-4.401455,39.4,0.00
4180,36.721066,-4.401403,39.4,0.00
4185,36.721084,-4.401351,39.4,0.00
4190,36.721102,-4.401299,39.4,0.00
4195,36.721117,-4.401247,39.4,0.00
4200,36.721133,-4.401195,39.4,0.00
4205,36.721148,-4.401143,39.4,0.00
4210,36.721165,-4.401091,39.4,0.00
4215,36.721182,-4.401038,39.4,0.00
4220,36.721199,-4.400987,39.4,0.00
4225,36.721217,-4.400936,39.4,0.00
4230,36.721234,-4.400884,39.4,0.00
4235,36.721252,-4.400833,39.4,0.00
4240,36.721269,-4.400781,39.4,0.00
4245,36.721285,-4.400729,39.4,0.00
4250,36.721301,-4.400676,39.4,0.00
4255,36.721318,-4.400624,39.4,0.00
4260,36.721336,-4.400572,39.4,0.00
4265,36.721353,-4.400520,39.4,0.00
4270,36.721370,-4.400468,39.4,0.00
4275,36.721385,-4.400416,39.4,0.00
4280,36.721401,-4.400364,39.4,0.00
4285,36.721417,-4.400311,39.4,0.00
4290,36.721432,-4.400259,39.4,0.00
4295,36.721448,-4.400206,39.4,0.00
4300,36.721463,-4.400153,39.4,-0.02
4305,36.721478,-4.400101,39.4,-0.08
4310,36.721494,-4.400048,39.4,-0.14
4315,36.721508,-4.399995,39.4,-0.20
4320,36.721521,-4.399942,39.4,-0.26
4325,36.721537,-4.399889,39.4,-0.32
4330,36.721552,-4.399837,39.3,-0.36
4335,36.721567,-4.399784,39.3,-0.36
4340,36.721583,-4.399731,39.3,-0.36
4345,36.721598,-4.399678,39.3,-0.36
4350,36.721613,-4.399625,39.3,-0.36
4355,36.721628,-4.399573,39.2,-0.34
4360,36.721643,-4.399520,39.2,-0.28
4365,36.721659,-4.399468,39.2,-0.22
4370,36.721676,-4.399415,39.2,-0.16
4375,36.721692,-4.399363,39.2,-0.10
4380,36.721706,-4.399310,39.2,-0.04
4385,36.721720,-4.399257,39.2,-0.00
4390,36.721733,-4.399204,39.2,0.00
4395,36.721748,-4.399151,39.2,0.00
4400,36.721762,-4.399097,39.2,0.00
4405,36.721775,-4.399044,39.2,0.00
4410,36.721788,-4.398990,39.2,0.00
4415,36.721801,-4.398937,39.2,0.00
4420,36.721814,-4.398883,39.2,0.00
4425,36.721827,-4.398830,39.2,0.00
4430,36.721840,-4.398776,39.2,0.00
4435,36.721854,-4.398723,39.2,0.00
4440,36.721869,-4.398670,39.2,0.00
4445,36.721885,-4.398617,39.2,0.00
4450,36.721900,-4.398564,39.2,0.00
4455,36.721913,-4.398511,39.2,0.00
4460,36.721927,-4.398458,39.2,0.00
4465,36.721940,-4.398404,39.2,0.00
4470,36.721953,-4.398351,39.2,0.00
4475,36.721966,-4.398298,39.2,0.02
4480,36.721980,-4.398245,39.2,0.07
4485,36.721996,-4.398192,39.2,0.13
4490,36.722011,-4.398140,39.2,0.19
4495,36.722026,-4.398087,39.2,0.25
4500,36.722041,-4.398034,39.2,0.30
4505,36.722057,-4.397981,39.3,0.30
4510,36.722072,-4.397929,39.3,0.27
4515,36.722086,-4.397875,39.3,0.26
4520,36.722099,-4.397822,39.3,0.26
4525,36.722114,-4.397769,39.3,0.26
4530,36.722129,-4.397715,39.3,0.25
4535,36.722142,-4.397662,39.3,0.24
4540,36.722155,-4.397609,39.4,0.23
4545,36.722166,-4.397555,39.4,0.17
4550,36.722178,-4.397501,39.4,0.11
4555,36.722191,-4.397447,39.4,0.06
4560,36.722206,-4.397394,39.4,0.06
4565,36.722221,-4.397341,39.4,0.06
4570,36.722237,-4.397289,39.4,0.01
4575,36.722252,-4.397237,39.4,-0.01
4580,36.722267,-4.397184,39.4,-0.02
4585,36.722283,-4.397132,39.4,-0.09
4590,36.722298,-4.397079,39.4,-0.20
4595,36.722314,-4.397027,39.4,-0.27
4600,36.722331,-4.396974,39.3,-0.28
4605,36.722348,-4.396923,39.3,-0.32
4610,36.722365,-4.396871,39.3,-0.36
4615,36.722385,-4.396820,39.3,-0.36
4620,36.722403,-4.396768,39.3,-0.33
4625,36.722418,-4.396716,39.3,-0.28
4630,36.722436,-4.396665,39.2,-0.26
4635,36.722454,-4.396613,39.2,-0.24
4640,36.722472,-4.396562,39.2,-0.18
4645,36.722490,-4.396511,39.2,-0.12
4650,36.722509,-4.396460,39.2,-0.09
4655,36.722528,-4.396410,39.2,-0.08
4660,36.722547,-4.396359,39.2,-0.04
4665,36.722567,-4.396308,39.2,0.00
4670,36.722587,-4.396258,39.2,0.00
4675,36.722606,-4.396208,39.2,-0.01
4680,36.722626,-4.396158,39.2,-0.05
4685,36.722645,-4.396107,39.2,-0.11
4690,36.722664,-4.396056,39.2,-0.17
4695,36.722682,-4.396005,39.2,-0.23
4700,36.722701,-4.395954,39.2,-0.29
4705,36.722719,-4.395903,39.1,-0.35
4710,36.722736,-4.395852,39.1,-0.36
4715,36.722754,-4.395801,39.1,-0.36
4720,36.722773,-4.395749,39.1,-0.36
4725,36.722791,-4.395699,39.1,-0.36
4730,36.722810,-4.395648,39.1,-0.36
4735,36.722829,-4.395597,39.0,-0.31
4740,36.722849,-4.395546,39.0,-0.25
4745,36.722869,-4.395496,39.0,-0.18
4750,36.722888,-4.395445,39.0,-0.07
4755,36.722905,-4.395393,39.0,0.05
4760,36.722921,-4.395341,39.0,0.16
4765,36.722938,-4.395289,39.0,0.24
4770,36.722955,-4.395237,39.0,0.30
4775,36.722973,-4.395185,39.1,0.35
4780,36.722987,-4.395132,39.1,0.36
4785,36.722999,-4.395079,39.1,0.36
4790,36.723010,-4.395025,39.1,0.36
4795,36.723022,-4.394971,39.1,0.36
4800,36.723033,-4.394916,39.1,0.35
4805,36.723042,-4.394861,39.2,0.30
4810,36.723052,-4.394807,39.2,0.24
4815,36.723060,-4.394752,39.2,0.18
4820,36.723067,-4.394696,39.2,0.12
4825,36.723071,-4.394641,39.2,0.06
4830,36.723074,-4.394585,39.2,0.01
4835,36.723077,-4.394529,39.2,0.00
4840,36.723081,-4.394473,39.2,0.00
4845,36.723083,-4.394417,39.2,0.02
4850,36.723084,-4.394361,39.2,0.07
4855,36.723084,-4.394305,39.2,0.13
4860,36.723084,-4.394249,39.2,0.19
4865,36.723084,-4.394193,39.2,0.26
4870,36.723084,-4.394137,39.2,0.34
4875,36.723084,-4.394082,39.3,0.44
4880,36.723084,-4.394026,39.3,0.51
4885,36.723082,-4.393970,39.3,0.59
4890,36.723080,-4.393914,39.3,0.71
4895,36.723080,-4.393858,39.4,0.83
4900,36.723079,-4.393801,39.4,0.90
4905,36.723077,-4.393746,39.5,0.91
4910,36.723076,-4.393690,39.5,0.94
4915,36.723076,-4.393634,39.6,0.98
4920,36.723076,-4.393578,39.6,0.99
4925,36.723075,-4.393522,39.7,0.96
4930,36.723072,-4.393466,39.7,0.92
4935,36.723070,-4.393410,39.8,0.96
4940,36.723068,-4.393354,39.8,0.97
4945,36.723065,-4.393298,39.9,0.92
4950,36.723059,-4.393243,39.9,0.90
4955,36.723051,-4.393188,39.9,0.92
4960,36.723044,-4.393132,40.0,0.98
4965,36.723037,-4.393077,40.0,0.97
4970,36.723029,-4.393022,40.1,0.93
4975,36.723017,-4.392968,40.1,0.97
4980,36.723004,-4.392914,40.2,0.99
4985,36.722992,-4.392860,40.2,0.99
4990,36.722978,-4.392808,40.3,0.95
4995,36.722961,-4.392755,40.3,0.93
5000,36.722942,-4.392704,40.4,0.97
5005,36.722923,-4.392653,40.4,0.95
5010,36.722904,-4.392603,40.5,0.89
5015,36.722883,-4.392553,40.5,0.83
5020,36.722863,-4.392504,40.6,0.82
5025,36.722844,-4.392454,40.6,0.79
5030,36.722821,-4.392405,40.6,0.73
5035,36.722798,-4.392355,40.7,0.71
5040,36.722776,-4.392307,40.7,0.71
5045,36.722755,-4.392258,40.7,0.71
5050,36.722734,-4.392209,40.8,0.69
5055,36.722712,-4.392160,40.8,0.65
5060,36.722690,-4.392111,40.8,0.60
5065,36.722669,-4.392062,40.9,0.54
5070,36.722648,-4.392013,40.9,0.48
5075,36.722628,-4.391963,40.9,0.42
5080,36.722609,-4.391912,40.9,0.41
5085,36.722592,-4.391860,41.0,0.43
5090,36.722576,-4.391808,41.0,0.43
5095,36.722562,-4.391754,41.0,0.43
5100,36.722550,-4.391700,41.0,0.43
5105,36.722541,-4.391646,41.0,0.43
5110,36.722534,-4.391590,41.1,0.39
5115,36.722527,-4.391535,41.1,0.36
5120,36.722522,-4.391479,41.1,0.36
5125,36.722518,-4.391424,41.1,0.36
5130,36.722513,-4.391368,41.1,0.36
5135,36.722508,-4.391312,41.2,0.33
5140,36.722504,-4.391256,41.2,0.27
5145,36.722502,-4.391200,41.2,0.21
5150,36.722499,-4.391145,41.2,0.15
5155,36.722494,-4.391089,41.2,0.06
5160,36.722491,-4.391033,41.2,-0.06
5165,36.722489,-4.390978,41.2,-0.15
5170,36.722483,-4.390922,41.2,-0.21
5175,36.722477,-4.390866,41.2,-0.27
5180,36.722472,-4.390811,41.2,-0.33
5185,36.722467,-4.390755,41.1,-0.36
5190,36.722460,-4.390700,41.1,-0.36
5195,36.722453,-4.390644,41.1,-0.36
5200,36.722446,-4.390589,41.1,-0.36
5205,36.722442,-4.390533,41.1,-0.36
5210,36.722437,-4.390477,41.0,-0.34
5215,36.722433,-4.390422,41.0,-0.28
5220,36.722429,-4.390366,41.0,-0.22
5225,36.722424,-4.390310,41.0,-0.16
5230,36.722420,-4.390255,41.0,-0.09
5235,36.722415,-4.390199,41.0,-0.03
5240,36.722411,-4.390143,41.0,0.00
5245,36.722407,-4.390087,41.0,0.00
5250,36.722405,-4.390032,41.0,0.00
5255,36.722401,-4.389976,41.0,0.00
5260,36.722397,-4.389920,41.0,0.00
5265,36.722393,-4.389865,41.0,0.00
5270,36.722388,-4.389809,41.0,0.00
5275,36.722384,-4.389753,41.0,0.00
5280,36.722382,-4.389697,41.0,0.00
5285,36.722382,-4.389641,41.0,0.00
5290,36.722379,-4.389585,41.0,0.00
5295,36.722374,-4.389529,41.0,0.00
5300,36.722372,-4.389474,41.0,-0.01
5305,36.722369,-4.389418,41.0,-0.05
5310,36.722362,-4.389362,41.0,-0.11
5315,36.722357,-4.389307,41.0,-0.17
5320,36.722352,-4.389251,41.0,-0.23
5325,36.722347,-4.389196,41.0,-0.29
5330,36.722340,-4.389140,40.9,-0.30
5335,36.722335,-4.389084,40.9,-0.26
5340,36.722331,-4.389029,40.9,-0.20
5345,36.722327,-4.388973,40.9,-0.14
5350,36.722322,-4.388918,40.9,-0.08
5355,36.722318,-4.388862,40.9,-0.01
5360,36.722314,-4.388806,40.9,0.05
5365,36.722309,-4.388751,40.9,0.11
5370,36.722304,-4.388695,40.9,0.23
5375,36.722300,-4.388639,40.9,0.35
5380,36.722297,-4.388583,40.9,0.47
5385,36.722295,-4.388528,41.0,0.54
5390,36.722291,-4.388472,41.0,0.56
5395,36.722286,-4.388416,41.0,0.54
5400,36.722280,-4.388360,41.1,0.42
5405,36.722275,-4.388305,41.1,0.30
5410,36.722275,-4.388234,41.1,0.18
5415,36.722266,-4.388180,41.1,0.11
5420,36.722254,-4.388126,41.1,0.04
5425,36.722247,-4.388071,41.1,-0.06
5430,36.722236,-4.388016,41.1,-0.12
5435,36.722226,-4.387961,41.1,-0.18
5440,36.722216,-4.387907,41.1,-0.24
5445,36.722204,-4.387853,41.1,-0.30
5450,36.722192,-4.387799,41.0,-0.35
5455,36.722178,-4.387746,41.0,-0.29
5460,36.722162,-4.387694,41.0,-0.23
5465,36.722144,-4.387643,41.0,-0.17
5470,36.722121,-4.387594,41.0,-0.11
5475,36.722103,-4.387543,41.0,-0.04
5480,36.722084,-4.387492,41.0,0.00
5485,36.722062,-4.387443,41.0,0.00
5490,36.722040,-4.387394,41.0,0.00
5495,36.722018,-4.387345,41.0,0.00
5500,36.721996,-4.387297,41.0,0.00
5505,36.721974,-4.387249,41.0,0.00
5510,36.721950,-4.387200,41.0,0.00
5515,36.721927,-4.387151,41.0,0.00
5520,36.721906,-4.387104,41.0,0.00
5525,36.721881,-4.387055,41.0,0.00
5530,36.721859,-4.387006,41.0,0.00
5535,36.721838,-4.386957,41.0,0.00
5540,36.721815,-4.386909,41.0,0.00
5545,36.721792,-4.386861,41.0,0.00
5550,36.721769,-4.386813,41.0,0.00
5555,36.721746,-4.386765,41.0,0.00
5560,36.721724,-4.386717,41.0,0.00
5565,36.721701,-4.386668,41.0,0.00
5570,36.721679,-4.386620,41.0,0.00
5575,36.721657,-4.386571,41.0,0.00
5580,36.721634,-4.386522,41.0,0.00
5585,36.721612,-4.386474,41.0,0.00
5590,36.721589,-4.386425,41.0,0.00
5595,36.721565,-4.386377,41.0,0.00
5600,36.721545,-4.386328,41.0,0.00
5605,36.721525,-4.386278,41.0,0.00
5610,36.721505,-4.386227,41.0,0.00
5615,36.721489,-4.386174,41.0,-0.03
5620,36.721475,-4.386121,41.0,-0.09
5625,36.721463,-4.386068,41.0,-0.15
5630,36.721451,-4.386014,41.0,-0.21
5635,36.721439,-4.385960,41.0,-0.27
5640,36.721427,-4.385905,41.0,-0.33
5645,36.721417,-4.385851,40.9,-0.38
5650,36.721410,-4.385796,40.9,-0.44
5655,36.721407,-4.385740,40.9,-0.50
5660,36.721404,-4.385684,40.9,-0.56
5665,36.721399,-4.385628,40.8,-0.62
5670,36.721397,-4.385572,40.8,-0.65
5675,36.721398,-4.385516,40.8,-0.63
5680,36.721400,-4.385461,40.7,-0.58
5685,36.721403,-4.385405,40.7,-0.51
5690,36.721408,-4.385349,40.7,-0.45
5695,36.721413,-4.385293,40.7,-0.42
5700,36.721417,-4.385238,40.7,-0.44
5705,36.721419,-4.385182,40.6,-0.44
5710,36.721423,-4.385126,40.6,-0.44
5715,36.721428,-4.385070,40.6,-0.44
5720,36.721430,-4.385014,40.6,-0.44
5725,36.721433,-4.384959,40.5,-0.41
5730,36.721438,-4.384903,40.5,-0.37
5735,36.721441,-4.384847,40.5,-0.36
5740,36.721444,-4.384791,40.5,-0.37
5745,36.721449,-4.384735,40.5,-0.41
5750,36.721454,-4.384680,40.4,-0.44
5755,36.721458,-4.384624,40.4,-0.44
5760,36.721461,-4.384568,40.4,-0.44
5765,36.721464,-4.384513,40.4,-0.44
5770,36.721469,-4.384457,40.3,-0.44
5775,36.721472,-4.384401,40.3,-0.39
5780,36.721475,-4.384345,40.3,-0.36
5785,36.721482,-4.384290,40.3,-0.36
5790,36.721488,-4.384234,40.3,-0.36
5795,36.721492,-4.384178,40.3,-0.36
5800,36.721497,-4.384123,40.2,-0.31
5805,36.721503,-4.384067,40.2,-0.25
5810,36.721510,-4.384012,40.2,-0.19
5815,36.721517,-4.383957,40.2,-0.16
5820,36.721524,-4.383901,40.2,-0.16
5825,36.721529,-4.383846,40.2,-0.17
5830,36.721534,-4.383790,40.2,-0.21
5835,36.721538,-4.383734,40.2,-0.27
5840,36.721543,-4.383679,40.2,-0.33
5845,36.721547,-4.383623,40.1,-0.36
5850,36.721549,-4.383567,40.1,-0.36
5855,36.721554,-4.383512,40.1,-0.36
5860,36.721558,-4.383456,40.1,-0.37
5865,36.721560,-4.383400,40.1,-0.42
5870,36.721563,-4.383344,40.0,-0.45
5875,36.721565,-4.383288,40.0,-0.45
5880,36.721565,-4.383232,40.0,-0.45
5885,36.721565,-4.383176,40.0,-0.45
5890,36.721565,-4.383120,39.9,-0.44
5895,36.721565,-4.383064,39.9,-0.43
5900,36.721565,-4.383008,39.9,-0.46
5905,36.721565,-4.382952,39.9,-0.52
5910,36.721564,-4.382896,39.9,-0.58
5915,36.721561,-4.382840,39.8,-0.63
5920,36.721561,-4.382784,39.8,-0.65
5925,36.721560,-4.382729,39.8,-0.61
5930,36.721558,-4.382673,39.7,-0.55
5935,36.721558,-4.382617,39.7,-0.49
5940,36.721558,-4.382561,39.7,-0.43
5945,36.721558,-4.382505,39.7,-0.38
5950,36.721554,-4.382449,39.6,-0.33
5955,36.721550,-4.382393,39.6,-0.27
5960,36.721550,-4.382337,39.6,-0.21
5965,36.721548,-4.382281,39.6,-0.15
5970,36.721546,-4.382225,39.6,-0.09
5975,36.721543,-4.382169,39.6,-0.04
5980,36.721542,-4.382114,39.6,-0.06
5985,36.721542,-4.382058,39.6,-0.12
5990,36.721539,-4.382002,39.6,-0.18
5995,36.721537,-4.381946,39.6,-0.24
6000,36.721533,-4.381890,39.6,-0.30
6005,36.721528,-4.381834,39.5,-0.35
6010,36.721521,-4.381779,39.5,-0.36
6015,36.721515,-4.381723,39.5,-0.36
6020,36.721513,-4.381668,39.5,-0.37
6025,36.721507,-4.381612,39.5,-0.41
6030,36.721500,-4.381557,39.5,-0.46
6035,36.721498,-4.381501,39.4,-0.47
6040,36.721497,-4.381445,39.4,-0.47
6045,36.721496,-4.381389,39.4,-0.47
6050,36.721494,-4.381333,39.3,-0.47
6055,36.721491,-4.381277,39.3,-0.43
6060,36.721489,-4.381221,39.3,-0.40
6065,36.721486,-4.381165,39.3,-0.45
6070,36.721485,-4.381109,39.3,-0.51
6075,36.721486,-4.381053,39.2,-0.57
6080,36.721488,-4.380997,39.2,-0.59
6085,36.721489,-4.380941,39.2,-0.59
6090,36.721488,-4.380885,39.1,-0.56
6095,36.721486,-4.380829,39.1,-0.53
6100,36.721483,-4.380774,39.1,-0.53
6105,36.721481,-4.380718,39.1,-0.53
6110,36.721481,-4.380662,39.1,-0.58
6115,36.721480,-4.380606,39.0,-0.61
6120,36.721475,-4.380550,39.0,-0.61
6125,36.721472,-4.380494,38.9,-0.58
6130,36.721470,-4.380439,38.9,-0.52
6135,36.721466,-4.380383,38.9,-0.46
6140,36.721462,-4.380327,38.9,-0.40
6145,36.721459,-4.380271,38.9,-0.36
6150,36.721458,-4.380215,38.8,-0.35
6155,36.721458,-4.380159,38.8,-0.34
6160,36.721462,-4.380103,38.8,-0.34
6165,36.721466,-4.380047,38.8,-0.34
6170,36.721469,-4.379991,38.8,-0.34
6175,36.721471,-4.379936,38.8,-0.34
6180,36.721474,-4.379880,38.7,-0.37
6185,36.721478,-4.379824,38.7,-0.42
6190,36.721482,-4.379769,38.7,-0.48
6195,36.721485,-4.379713,38.7,-0.54
6200,36.721491,-4.379657,38.7,-0.60
6205,36.721497,-4.379601,38.6,-0.65
6210,36.721500,-4.379546,38.6,-0.65
6215,36.721505,-4.379490,38.5,-0.60
6220,36.721512,-4.379434,38.5,-0.54
6225,36.721518,-4.379379,38.5,-0.48
6230,36.721523,-4.379324,38.5,-0.42
6235,36.721528,-4.379268,38.5,-0.36
6240,36.721533,-4.379213,38.4,-0.31
6245,36.721536,-4.379157,38.4,-0.25
6250,36.721539,-4.379101,38.4,-0.19
6255,36.721543,-4.379045,38.4,-0.12
6260,36.721547,-4.378989,38.4,-0.07
6265,36.721550,-4.378934,38.4,-0.05
6270,36.721556,-4.378878,38.4,-0.10
6275,36.721562,-4.378822,38.4,-0.16
6280,36.721567,-4.378767,38.4,-0.22
6285,36.721571,-4.378711,38.4,-0.28
6290,36.721575,-4.378655,38.4,-0.34
6295,36.721580,-4.378600,38.3,-0.36
6300,36.721584,-4.378544,38.3,-0.36
6305,36.721587,-4.378488,38.3,-0.36
6310,36.721589,-4.378432,38.3,-0.37
6315,36.721591,-4.378376,38.3,-0.41
6320,36.721594,-4.378320,38.2,-0.43
6325,36.721596,-4.378264,38.2,-0.43
6330,36.721601,-4.378209,38.2,-0.43
6335,36.721606,-4.378153,38.2,-0.43
6340,36.721613,-4.378098,38.2,-0.43
6345,36.721615,-4.378042,38.1,-0.39
6350,36.721615,-4.377986,38.1,-0.36
6355,36.721617,-4.377930,38.1,-0.39
6360,36.721621,-4.377874,38.1,-0.45
6365,36.721625,-4.377818,38.1,-0.51
6370,36.721628,-4.377763,38.0,-0.53
6375,36.721630,-4.377707,38.0,-0.53
6380,36.721633,-4.377651,38.0,-0.53
6385,36.721635,-4.377595,37.9,-0.50
6390,36.721637,-4.377539,37.9,-0.44
6395,36.721638,-4.377483,37.9,-0.38
6400,36.721638,-4.377427,37.9,-0.36
6405,36.721640,-4.377371,37.9,-0.36
6410,36.721642,-4.377315,37.8,-0.34
6415,36.721642,-4.377259,37.8,-0.28
6420,36.721642,-4.377203,37.8,-0.21
6425,36.721642,-4.377147,37.8,-0.15
6430,36.721644,-4.377091,37.8,-0.11
6435,36.721645,-4.377035,37.8,-0.11
6440,36.721645,-4.376979,37.8,-0.13
6445,36.721647,-4.376923,37.8,-0.20
6450,36.721649,-4.376868,37.8,-0.26
6455,36.721649,-4.376812,37.8,-0.32
6460,36.721650,-4.376756,37.7,-0.36
6465,36.721652,-4.376700,37.7,-0.36
6470,36.721654,-4.376644,37.7,-0.36
6475,36.721656,-4.376588,37.7,-0.36
6480,36.721655,-4.376532,37.7,-0.36
6485,36.721653,-4.376476,37.7,-0.34
6490,36.721651,-4.376420,37.6,-0.27
6495,36.721650,-4.376364,37.6,-0.16
6500,36.721652,-4.376308,37.6,-0.03
6505,36.721653,-4.376252,37.6,0.09
6510,36.721653,-4.376196,37.6,0.21
6515,36.721651,-4.376140,37.6,0.31
6520,36.721649,-4.376084,37.7,0.36
6525,36.721649,-4.376029,37.7,0.36
6530,36.721649,-4.375973,37.7,0.36
6535,36.721649,-4.375916,37.7,0.36
6540,36.721645,-4.375861,37.7,0.38
6545,36.721641,-4.375805,37.7,0.41
6550,36.721639,-4.375749,37.8,0.41
6555,36.721638,-4.375693,37.8,0.41
6560,36.721638,-4.375637,37.8,0.41
6565,36.721636,-4.375581,37.8,0.41
6570,36.721634,-4.375525,37.9,0.40
6575,36.721631,-4.375469,37.9,0.37
6580,36.721629,-4.375413,37.9,0.36
6585,36.721627,-4.375358,37.9,0.36
6590,36.721623,-4.375302,37.9,0.36
6595,36.721619,-4.375246,37.9,0.35
6600,36.721617,-4.375190,38.0,0.30
6605,36.721614,-4.375135,38.0,0.24
6610,36.721610,-4.375079,38.0,0.18
6615,36.721605,-4.375023,38.0,0.12
6620,36.721600,-4.374967,38.0,0.06
6625,36.721596,-4.374912,38.0,0.01
6630,36.721591,-4.374856,38.0,0.00
6635,36.721587,-4.374800,38.0,0.00
6640,36.721582,-4.374745,38.0,0.00
6645,36.721578,-4.374689,38.0,-0.03
6650,36.721573,-4.374633,38.0,-0.09
6655,36.721569,-4.374578,38.0,-0.15
6660,36.721564,-4.374522,38.0,-0.21
6665,36.721560,-4.374466,38.0,-0.27
6670,36.721555,-4.374411,38.0,-0.33
6675,36.721551,-4.374355,37.9,-0.36
6680,36.721547,-4.374299,37.9,-0.36
6685,36.721542,-4.374243,37.9,-0.36
6690,36.721538,-4.374187,37.9,-0.36
6695,36.721534,-4.374132,37.9,-0.36
6700,36.721529,-4.374076,37.8,-0.33
6705,36.721525,-4.374020,37.8,-0.27
6710,36.721522,-4.373964,37.8,-0.22
6715,36.721520,-4.373909,37.8,-0.20
6720,36.721517,-4.373853,37.8,-0.20
6725,36.721515,-4.373797,37.8,-0.20
6730,36.721513,-4.373741,37.8,-0.23
6735,36.721512,-4.373685,37.8,-0.29
6740,36.721512,-4.373629,37.7,-0.35
6745,36.721512,-4.373573,37.7,-0.38
6750,36.721511,-4.373517,37.7,-0.44
6755,36.721509,-4.373461,37.7,-0.50
6760,36.721506,-4.373405,37.7,-0.56
6765,36.721501,-4.373350,37.6,-0.61
6770,36.721499,-4.373294,37.6,-0.63
6775,36.721495,-4.373238,37.6,-0.61
6780,36.721489,-4.373182,37.5,-0.55
6785,36.721482,-4.373127,37.5,-0.49
6790,36.721475,-4.373072,37.5,-0.43
6795,36.721465,-4.373017,37.5,-0.38
6800,36.721454,-4.372963,37.5,-0.35
6805,36.721445,-4.372908,37.4,-0.29
6810,36.721435,-4.372854,37.4,-0.23
6815,36.721422,-4.372800,37.4,-0.17
6820,36.721410,-4.372746,37.4,-0.11
6825,36.721397,-4.372693,37.4,-0.08
6830,36.721384,-4.372639,37.4,-0.10
6835,36.721371,-4.372586,37.4,-0.15
6840,36.721358,-4.372532,37.4,-0.21
6845,36.721345,-4.372479,37.4,-0.27
6850,36.721331,-4.372426,37.4,-0.33
6855,36.721316,-4.372373,37.3,-0.36
6860,36.721301,-4.372320,37.3,-0.36
6865,36.721286,-4.372267,37.3,-0.36
6870,36.721271,-4.372213,37.3,-0.36
6875,36.721258,-4.372160,37.3,-0.36
6880,36.721245,-4.372107,37.2,-0.33
6885,36.721232,-4.372053,37.2,-0.27
6890,36.721218,-4.372000,37.2,-0.21
6895,36.721203,-4.371947,37.2,-0.15
6900,36.721189,-4.371894,37.2,-0.09
6905,36.721176,-4.371841,37.2,-0.03
6910,36.721162,-4.371787,37.2,-0.03
6915,36.721148,-4.371733,37.2,-0.09
6920,36.721134,-4.371681,37.2,-0.15
6925,36.721117,-4.371629,37.2,-0.21
6930,36.721100,-4.371577,37.2,-0.27
6935,36.721082,-4.371525,37.2,-0.33
6940,36.721065,-4.371473,37.1,-0.36
6945,36.721049,-4.371421,37.1,-0.36
6950,36.721036,-4.371368,37.1,-0.36
6955,36.721023,-4.371314,37.1,-0.36
6960,36.721010,-4.371261,37.1,-0.36
6965,36.720997,-4.371207,37.0,-0.34
6970,36.720984,-4.371154,37.0,-0.30
6975,36.720971,-4.371100,37.0,-0.29
6980,36.720957,-4.371046,37.0,-0.29
6985,36.720940,-4.370995,37.0,-0.29
6990,36.720923,-4.370943,37.0,-0.29
6995,36.720910,-4.370890,37.0,-0.32
7000,36.720895,-4.370837,36.9,-0.36
7005,36.720878,-4.370786,36.9,-0.36
7010,36.720859,-4.370734,36.9,-0.36
7015,36.720839,-4.370683,36.9,-0.36
7020,36.720822,-4.370632,36.9,-0.36
7025,36.720806,-4.370581,36.8,-0.34
7030,36.720790,-4.370528,36.8,-0.29
7035,36.720773,-4.370475,36.8,-0.22
7040,36.720758,-4.370423,36.8,-0.16
7045,36.720743,-4.370370,36.8,-0.10
7050,36.720728,-4.370317,36.8,-0.04
7055,36.720711,-4.370265,36.8,-0.00
7060,36.720693,-4.370213,36.8,0.00
7065,36.720678,-4.370162,36.8,0.00
7070,36.720661,-4.370110,36.8,0.00
7075,36.720641,-4.370059,36.8,0.02
7080,36.720622,-4.370008,36.8,0.08
7085,36.720604,-4.369957,36.8,0.14
7090,36.720585,-4.369906,36.8,0.20
7095,36.720566,-4.369855,36.8,0.26
7100,36.720546,-4.369805,36.8,0.33
7105,36.720527,-4.369754,36.9,0.43
7110,36.720509,-4.369703,36.9,0.49
7115,36.720492,-4.369652,36.9,0.55
7120,36.720474,-4.369600,36.9,0.61
7125,36.720456,-4.369549,37.0,0.67
7130,36.720439,-4.369498,37.0,0.70
7135,36.720421,-4.369446,37.0,0.68
7140,36.720403,-4.369395,37.1,0.68
7145,36.720385,-4.369343,37.1,0.68
7150,36.720367,-4.369292,37.1,0.68
7155,36.720349,-4.369241,37.2,0.66
7160,36.720331,-4.369190,37.2,0.66
7165,36.720313,-4.369138,37.2,0.69
7170,36.720297,-4.369086,37.3,0.69
7175,36.720281,-4.369033,37.3,0.69
7180,36.720265,-4.368981,37.3,0.70
7185,36.720251,-4.368928,37.4,0.76
7190,36.720237,-4.368875,37.4,0.81
7195,36.720222,-4.368821,37.5,0.82
7200,36.720209,-4.368768,37.5,0.88
7205,36.720197,-4.368715,37.6,0.94
7210,36.720185,-4.368661,37.6,1.01
7215,36.720174,-4.368607,37.6,1.06
7220,36.720164,-4.368552,37.7,1.09
7225,36.720154,-4.368497,37.8,1.20
7230,36.720145,-4.368442,37.8,1.33
7235,36.720137,-4.368387,37.9,1.48
7240,36.720129,-4.368332,38.0,1.60
7245,36.720125,-4.368276,38.0,1.69
7250,36.720122,-4.368221,38.1,1.79
7255,36.720120,-4.368165,38.2,1.80
7260,36.720119,-4.368109,38.3,1.74
7265,36.720112,-4.368053,38.4,1.68
7270,36.720115,-4.367998,38.5,1.60
7275,36.720117,-4.367943,38.6,1.53
7280,36.720118,-4.367883,38.6,1.42
7285,36.720110,-4.367829,38.7,1.29
7290,36.720100,-4.367773,38.8,1.13
7295,36.720097,-4.367718,38.8,0.92
7300,36.720090,-4.367662,38.9,0.77
7305,36.720086,-4.367607,38.9,0.66
7310,36.720080,-4.367551,38.9,0.60
7315,36.720074,-4.367496,38.9,0.60
7320,36.720067,-4.367440,39.0,0.62
7325,36.720062,-4.367385,39.0,0.68
7330,36.720062,-4.367329,39.1,0.71
7335,36.720059,-4.367273,39.1,0.71
7340,36.720057,-4.367217,39.1,0.71
7345,36.720053,-4.367161,39.2,0.71
7350,36.720047,-4.367105,39.2,0.73
7355,36.720044,-4.367050,39.2,0.75
7360,36.720038,-4.366994,39.3,0.75
7365,36.720031,-4.366939,39.3,0.79
7370,36.720028,-4.366884,39.4,0.85
7375,36.720022,-4.366828,39.4,0.88
7380,36.720017,-4.366772,39.4,0.88
7385,36.720012,-4.366716,39.5,0.87
7390,36.720009,-4.366661,39.5,0.92
7395,36.720003,-4.366605,39.6,0.94
7400,36.719999,-4.366550,39.6,0.94
7405,36.719995,-4.366494,39.7,0.96
7410,36.719989,-4.366438,39.7,0.97
7415,36.719982,-4.366383,39.8,0.97
7420,36.719975,-4.366328,39.8,0.87
7425,36.719967,-4.366273,39.9,0.75
7430,36.719964,-4.366217,39.9,0.63
7435,36.719957,-4.366161,39.9,0.51
7440,36.719951,-4.366106,39.9,0.44
7445,36.719948,-4.366050,40.0,0.33
7450,36.719943,-4.365994,40.0,0.25
7455,36.719938,-4.365939,40.0,0.19
7460,36.719933,-4.365883,40.0,0.13
7465,36.719930,-4.365827,40.0,0.06
7470,36.719925,-4.365772,40.0,0.01
7475,36.719920,-4.365716,40.0,-0.00
7480,36.719917,-4.365660,40.0,-0.05
7485,36.719912,-4.365605,40.0,-0.11
7490,36.719908,-4.365549,40.0,-0.17
7495,36.719905,-4.365493,40.0,-0.23
7500,36.719902,-4.365437,40.0,-0.29
7505,36.719900,-4.365381,39.9,-0.35
7510,36.719897,-4.365325,39.9,-0.36
7515,36.719895,-4.365269,39.9,-0.36
7520,36.719894,-4.365213,39.9,-0.37
7525,36.719891,-4.365158,39.9,-0.43
7530,36.719886,-4.365102,39.9,-0.48
7535,36.719881,-4.365046,39.8,-0.50
7540,36.719877,-4.364991,39.8,-0.50
7545,36.719875,-4.364935,39.8,-0.50
7550,36.719872,-4.364879,39.7,-0.50
7555,36.719870,-4.364823,39.7,-0.50
7560,36.719867,-4.364767,39.7,-0.51
7565,36.719865,-4.364711,39.7,-0.55
7570,36.719866,-4.364655,39.7,-0.61
7575,36.719868,-4.364600,39.6,-0.66
7580,36.719868,-4.364544,39.6,-0.66
7585,36.719871,-4.364488,39.5,-0.60
7590,36.719875,-4.364432,39.5,-0.57
7595,36.719875,-4.364376,39.5,-0.57
7600,36.719873,-4.364321,39.5,-0.57
7605,36.719870,-4.364265,39.4,-0.57
7610,36.719865,-4.364209,39.4,-0.57
7615,36.719862,-4.364154,39.4,-0.57
7620,36.719859,-4.364098,39.3,-0.54
7625,36.719854,-4.364042,39.3,-0.48
7630,36.719849,-4.363986,39.3,-0.42
7635,36.719845,-4.363931,39.3,-0.37
7640,36.719842,-4.363875,39.3,-0.36
7645,36.719839,-4.363819,39.2,-0.33
7650,36.719834,-4.363763,39.2,-0.27
7655,36.719832,-4.363707,39.2,-0.25
7660,36.719829,-4.363652,39.2,-0.25
7665,36.719824,-4.363596,39.2,-0.25
7670,36.719817,-4.363540,39.2,-0.25
7675,36.719810,-4.363485,39.2,-0.28
7680,36.719805,-4.363430,39.2,-0.34
7685,36.719800,-4.363374,39.1,-0.36
7690,36.719796,-4.363319,39.1,-0.36
7695,36.719789,-4.363263,39.1,-0.36
7700,36.719782,-4.363208,39.1,-0.36
7705,36.719775,-4.363152,39.1,-0.36
7710,36.719767,-4.363097,39.0,-0.33
7715,36.719761,-4.363042,39.0,-0.27
7720,36.719756,-4.362986,39.0,-0.21
7725,36.719749,-4.362931,39.0,-0.19
7730,36.719742,-4.362876,39.0,-0.19
7735,36.719737,-4.362820,39.0,-0.19
7740,36.719733,-4.362764,39.0,-0.23
7745,36.719730,-4.362709,39.0,-0.29
7750,36.719723,-4.362653,39.0,-0.35
7755,36.719717,-4.362597,38.9,-0.39
7760,36.719712,-4.362542,38.9,-0.45
7765,36.719706,-4.362487,38.9,-0.51
7770,36.719703,-4.362431,38.9,-0.57
7775,36.719700,-4.362375,38.8,-0.63
7780,36.719696,-4.362319,38.8,-0.64
7785,36.719692,-4.362263,38.8,-0.62
7790,36.719692,-4.362207,38.7,-0.56
7795,36.719691,-4.362151,38.7,-0.50
7800,36.719688,-4.362095,38.7,-0.44
7805,36.719683,-4.362040,38.7,-0.38
7810,36.719678,-4.361984,38.6,-0.34
7815,36.719673,-4.361929,38.6,-0.28
7820,36.719666,-4.361873,38.6,-0.22
7825,36.719659,-4.361818,38.6,-0.19
7830,36.719651,-4.361763,38.6,-0.19
7835,36.719646,-4.361707,38.6,-0.19
7840,36.719640,-4.361652,38.6,-0.21
7845,36.719633,-4.361596,38.6,-0.29
7850,36.719626,-4.361541,38.6,-0.41
7855,36.719619,-4.361486,38.5,-0.50
7860,36.719611,-4.361430,38.5,-0.56
7865,36.719605,-4.361375,38.5,-0.62
7870,36.719599,-4.361320,38.4,-0.68
7875,36.719591,-4.361265,38.4,-0.72
7880,36.719583,-4.361210,38.4,-0.75
7885,36.719577,-4.361154,38.3,-0.75
7890,36.719572,-4.361099,38.3,-0.75
7895,36.719565,-4.361044,38.3,-0.75
7900,36.719558,-4.360988,38.2,-0.72
7905,36.719553,-4.360932,38.2,-0.67
7910,36.719548,-4.360877,38.1,-0.59
7915,36.719544,-4.360821,38.1,-0.54
7920,36.719541,-4.360765,38.1,-0.52
7925,36.719538,-4.360709,38.1,-0.52
7930,36.719536,-4.360653,38.1,-0.53
7935,36.719531,-4.360598,38.0,-0.54
7940,36.719528,-4.360542,38.0,-0.54
7945,36.719525,-4.360486,38.0,-0.57
7950,36.719521,-4.360430,37.9,-0.59
7955,36.719516,-4.360375,37.9,-0.59
7960,36.719510,-4.360319,37.9,-0.60
7965,36.719503,-4.360264,37.8,-0.64
7970,36.719497,-4.360209,37.8,-0.72
7975,36.719491,-4.360153,37.8,-0.76
7980,36.719487,-4.360097,37.7,-0.76
7985,36.719482,-4.360042,37.7,-0.76
7990,36.719478,-4.359986,37.7,-0.79
7995,36.719476,-4.359930,37.6,-0.85
8000,36.719473,-4.359874,37.6,-0.86
8005,36.719469,-4.359818,37.5,-0.85
8010,36.719466,-4.359762,37.5,-0.89
8015,36.719464,-4.359707,37.4,-0.95
8020,36.719460,-4.359651,37.4,-0.98
8025,36.719456,-4.359595,37.4,-0.95
8030,36.719454,-4.359539,37.3,-0.93
8035,36.719452,-4.359483,37.2,-0.93
8040,36.719446,-4.359428,37.2,-0.89
8045,36.719440,-4.359372,37.2,-0.83
8050,36.719434,-4.359316,37.1,-0.77
8055,36.719428,-4.359261,37.1,-0.73
8060,36.719422,-4.359206,37.1,-0.70
8065,36.719412,-4.359151,37.0,-0.62
8070,36.719400,-4.359097,37.0,-0.50
8075,36.719389,-4.359043,36.9,-0.37
8080,36.719377,-4.358989,36.9,-0.25
8085,36.719368,-4.358934,36.9,-0.13
8090,36.719359,-4.358880,36.9,-0.03
8095,36.719350,-4.358825,36.9,0.00
8100,36.719342,-4.358770,36.9,0.03
8105,36.719333,-4.358715,36.9,0.09
8110,36.719322,-4.358660,36.9,0.15
8115,36.719311,-4.358606,36.9,0.20
8120,36.719302,-4.358551,37.0,0.20
8125,36.719293,-4.358496,37.0,0.20
8130,36.719284,-4.358442,37.0,0.17
8135,36.719275,-4.358387,37.0,0.11
8140,36.719266,-4.358332,37.0,0.05
8145,36.719255,-4.358278,37.0,0.02
8150,36.719245,-4.358223,37.0,0.07
8155,36.719236,-4.358168,37.0,0.13
8160,36.719228,-4.358113,37.0,0.19
8165,36.719221,-4.358058,37.0,0.25
8170,36.719216,-4.358003,37.0,0.31
8175,36.719212,-4.357947,37.1,0.35
8180,36.719205,-4.357892,37.1,0.36
8185,36.719197,-4.357836,37.1,0.36
8190,36.719188,-4.357781,37.1,0.36
8195,36.719181,-4.357726,37.1,0.36
8200,36.719174,-4.357670,37.1,0.35
8205,36.719167,-4.357615,37.2,0.30
8210,36.719159,-4.357560,37.2,0.24
8215,36.719150,-4.357505,37.2,0.18
8220,36.719142,-4.357450,37.2,0.12
8225,36.719135,-4.357395,37.2,0.06
8230,36.719125,-4.357340,37.2,0.01
8235,36.719117,-4.357285,37.2,0.00
8240,36.719109,-4.357230,37.2,0.00
8245,36.719105,-4.357174,37.2,0.00
8250,36.719099,-4.357119,37.2,0.02
8255,36.719091,-4.357064,37.2,0.07
8260,36.719083,-4.357009,37.2,0.13
8265,36.719074,-4.356954,37.2,0.19
8270,36.719065,-4.356899,37.2,0.23
8275,36.719056,-4.356845,37.2,0.24
8280,36.719046,-4.356790,37.3,0.22
8285,36.719036,-4.356736,37.3,0.17
8290,36.719025,-4.356681,37.3,0.11
8295,36.719014,-4.356627,37.3,0.05
8300,36.719002,-4.356573,37.3,0.05
8305,36.718991,-4.356519,37.3,0.08
8310,36.718979,-4.356465,37.3,0.09
8315,36.718967,-4.356411,37.3,0.09
8320,36.718955,-4.356357,37.3,0.09
8325,36.718943,-4.356303,37.3,0.11
8330,36.718930,-4.356249,37.3,0.12
8335,36.718917,-4.356195,37.3,0.15
8340,36.718904,-4.356142,37.3,0.20
8345,36.718891,-4.356088,37.3,0.26
8350,36.718878,-4.356035,37.3,0.31
8355,36.718863,-4.355982,37.4,0.31
8360,36.718848,-4.355929,37.4,0.26
8365,36.718837,-4.355875,37.4,0.22
8370,36.718825,-4.355821,37.4,0.22
8375,36.718812,-4.355768,37.4,0.22
8380,36.718798,-4.355714,37.4,0.23
8385,36.718783,-4.355662,37.4,0.26
8390,36.718767,-4.355609,37.4,0.26
8395,36.718751,-4.355556,37.5,0.24
8400,36.718736,-4.355504,37.5,0.18
8405,36.718722,-4.355451,37.5,0.12
8410,36.718710,-4.355397,37.5,0.06
8415,36.718701,-4.355342,37.5,0.00
8420,36.718704,-4.355287,37.5,-0.02
8425,36.718724,-4.355240,37.5,-0.08
8430,36.718763,-4.355209,37.5,-0.14
8435,36.718803,-4.355187,37.5,-0.17
8440,36.718846,-4.355173,37.5,-0.16
8445,36.718890,-4.355161,37.4,-0.10
8450,36.718934,-4.355149,37.4,-0.02
8455,36.718979,-4.355133,37.4,0.13
8460,36.719023,-4.355116,37.4,0.32
8465,36.719066,-4.355101,37.5,0.46
8470,36.719108,-4.355087,37.5,0.60
8475,36.719152,-4.355072,37.5,0.72
8480,36.719192,-4.355048,37.6,0.86
8485,36.719218,-4.355005,37.6,1.01
8490,36.719227,-4.354951,37.7,1.11
8495,36.719229,-4.354895,37.7,1.23
8500,36.719225,-4.354840,37.8,1.36
8505,36.719216,-4.354785,37.9,1.54
8510,36.719216,-4.354730,37.9,1.78
8515,36.719222,-4.354675,38.0,2.07
8520,36.719221,-4.354620,38.1,2.46
8525,36.719227,-4.354564,38.3,2.94
8530,36.719227,-4.354508,38.4,3.50
8535,36.719227,-4.354452,38.6,4.02
8540,36.719225,-4.354397,38.8,4.47
8545,36.719225,-4.354341,39.1,4.83
8550,36.719227,-4.354285,39.3,5.12
8555,36.719227,-4.354229,39.6,5.30
8560,36.719222,-4.354173,39.9,5.32
8565,36.719222,-4.354117,40.1,5.18
8570,36.719223,-4.354062,40.4,4.96
8575,36.719240,-4.354016,40.7,4.67
8580,36.719282,-4.353996,40.9,4.25
8585,36.719326,-4.353982,41.1,3.74
8590,36.719371,-4.353968,41.3,3.19
8595,36.719413,-4.353952,41.4,2.77
8600,36.719457,-4.353939,41.5,2.41
8605,36.719501,-4.353925,41.6,2.12
8610,36.719543,-4.353906,41.7,1.91
8615,36.719585,-4.353887,41.8,1.80
8620,36.719628,-4.353869,41.9,1.80
8625,36.719670,-4.353854,42.0,1.77
8630,36.719714,-4.353837,42.1,1.82
8635,36.719759,-4.353822,42.2,1.86
8640,36.719801,-4.353806,42.2,1.91
8645,36.719837,-4.353775,42.4,2.00
8650,36.719864,-4.353730,42.5,2.12
8655,36.719888,-4.353682,42.6,2.25
8660,36.719907,-4.353631,42.7,2.30
8665,36.719925,-4.353580,42.8,2.39
8670,36.719948,-4.353533,42.9,2.49
8675,36.719980,-4.353496,43.0,2.65
8680,36.720020,-4.353468,43.2,2.72
8685,36.720063,-4.353451,43.3,2.81
8690,36.720137,-4.353425,43.5,2.96
8695,36.720181,-4.353426,43.6,3.11
8700,36.720226,-4.353426,43.8,3.29
8705,36.720273,-4.353425,43.9,3.35
8710,36.720317,-4.353417,44.1,3.49
8715,36.720357,-4.353393,44.3,3.65
8720,36.720387,-4.353352,44.5,3.79
8725,36.720415,-4.353307,44.7,3.91
8730,36.720436,-4.353259,44.9,3.91
8735,36.720462,-4.353213,45.1,3.95
8740,36.720490,-4.353168,45.3,3.92
8745,36.720515,-4.353123,45.5,3.85
8750,36.720543,-4.353077,45.7,3.70
8755,36.720570,-4.353033,45.8,3.52
8760,36.720597,-4.352989,46.0,3.35
8765,36.720622,-4.352942,46.2,3.12
8770,36.720647,-4.352896,46.3,2.88
8775,36.720671,-4.352849,46.5,2.61
8780,36.720695,-4.352800,46.6,2.35
8785,36.720717,-4.352751,46.7,2.07
8790,36.720737,-4.352701,46.8,1.84
8795,36.720754,-4.352650,46.9,1.62
8800,36.720768,-4.352597,47.0,1.42
8805,36.720782,-4.352543,47.0,1.25
8810,36.720792,-4.352489,47.1,1.10
8815,36.720802,-4.352434,47.1,0.98
8820,36.720810,-4.352379,47.2,0.88
8825,36.720818,-4.352324,47.2,0.77
8830,36.720829,-4.352270,47.2,0.66
8835,36.720844,-4.352218,47.3,0.56
8840,36.720856,-4.352163,47.3,0.49
8845,36.720863,-4.352108,47.3,0.46
8850,36.720872,-4.352054,47.3,0.46
8855,36.720882,-4.351999,47.4,0.46
8860,36.720891,-4.351945,47.4,0.46
8865,36.720900,-4.351890,47.4,0.49
8870,36.720908,-4.351834,47.4,0.55
8875,36.720917,-4.351779,47.5,0.58
8880,36.720922,-4.351724,47.5,0.58
8885,36.720930,-4.351669,47.5,0.63
8890,36.720938,-4.351614,47.6,0.69
8895,36.720949,-4.351559,47.6,0.73
8900,36.720962,-4.351505,47.6,0.71
8905,36.720975,-4.351452,47.7,0.71
8910,36.720987,-4.351399,47.7,0.71
8915,36.721003,-4.351346,47.7,0.71
8920,36.721019,-4.351294,47.8,0.71
8925,36.721034,-4.351241,47.8,0.71
8930,36.721050,-4.351189,47.8,0.72
8935,36.721066,-4.351137,47.9,0.72
8940,36.721083,-4.351085,47.9,0.74
8945,36.721099,-4.351033,48.0,0.80
8950,36.721116,-4.350981,48.0,0.87
8955,36.721134,-4.350929,48.0,0.91
8960,36.721152,-4.350877,48.1,0.93
8965,36.721169,-4.350826,48.1,0.98
8970,36.721187,-4.350774,48.2,1.07
8975,36.721202,-4.350721,48.2,1.11
8980,36.721217,-4.350668,48.3,1.12
8985,36.721233,-4.350616,48.4,1.18
8990,36.721247,-4.350563,48.4,1.29
8995,36.721262,-4.350510,48.5,1.34
9000,36.721276,-4.350457,48.5,1.35
9005,36.721292,-4.350404,48.6,1.41
9010,36.721308,-4.350353,48.7,1.55
9015,36.721325,-4.350301,48.8,1.68
9020,36.721342,-4.350248,48.8,1.80
9025,36.721357,-4.350196,48.9,1.98
9030,36.721373,-4.350144,49.1,2.20
9035,36.721390,-4.350092,49.2,2.42
9040,36.721406,-4.350040,49.3,2.61
9045,36.721426,-4.349989,49.4,2.81
9050,36.721444,-4.349938,49.6,3.10
9055,36.721461,-4.349885,49.7,3.35
9060,36.721473,-4.349832,49.9,3.60
9065,36.721488,-4.349780,50.1,3.84
9070,36.721504,-4.349727,50.3,4.11
9075,36.721519,-4.349674,50.5,4.40
9080,36.721535,-4.349622,50.7,4.59
9085,36.721551,-4.349571,51.0,4.75
9090,36.721568,-4.349518,51.2,4.89
9095,36.721585,-4.349466,51.5,5.05
9100,36.721596,-4.349412,51.7,5.17
9105,36.721609,-4.349358,52.0,5.19
9110,36.721625,-4.349306,52.2,5.21
9115,36.721644,-4.349254,52.5,5.15
9120,36.721662,-4.349203,52.8,5.06
9125,36.721676,-4.349150,53.0,4.87
9130,36.721691,-4.349097,53.3,4.58
9135,36.721709,-4.349046,53.5,4.25
9140,36.721724,-4.348994,53.7,3.91
9145,36.721742,-4.348942,53.9,3.60
9150,36.721754,-4.348889,54.0,3.20
9155,36.721769,-4.348836,54.2,2.84
9160,36.721784,-4.348782,54.3,2.52
9165,36.721799,-4.348730,54.4,2.24
9170,36.721813,-4.348677,54.6,1.94
9175,36.721828,-4.348624,54.6,1.60
9180,36.721840,-4.348570,54.7,1.20
9185,36.721851,-4.348515,54.8,0.84
9190,36.721855,-4.348460,54.8,0.55
9195,36.721851,-4.348405,54.8,0.24
9200,36.721841,-4.348352,54.8,-0.05
9205,36.721852,-4.348298,54.8,-0.19
9210,36.721865,-4.348244,54.8,-0.20
9215,36.721879,-4.348191,54.8,-0.26
9220,36.721941,-4.348061,54.8,-0.30
9225,36.721968,-4.348015,54.7,-0.24
9230,36.721996,-4.347971,54.7,-0.10
9235,36.722024,-4.347928,54.7,0.15
9240,36.722052,-4.347885,54.7,0.41
9245,36.722082,-4.347844,54.7,0.72
9250,36.722113,-4.347802,54.8,1.01
9255,36.722144,-4.347760,54.9,1.31
9260,36.722174,-4.347720,54.9,1.50
9265,36.722207,-4.347681,55.0,1.57
9270,36.722239,-4.347641,55.1,1.73
9275,36.722269,-4.347601,55.2,1.83
9280,36.722300,-4.347561,55.3,1.92
9285,36.722333,-4.347523,55.4,2.00
9290,36.722366,-4.347485,55.5,2.13
9295,36.722401,-4.347449,55.6,2.23
9300,36.722435,-4.347411,55.7,2.27
9305,36.722468,-4.347372,55.8,2.38
9310,36.722499,-4.347334,55.9,2.46
9315,36.722533,-4.347295,56.1,2.52
9320,36.722566,-4.347256,56.2,2.56
9325,36.722599,-4.347219,56.3,2.60
9330,36.722633,-4.347185,56.5,2.69
9335,36.722668,-4.347148,56.6,2.69
9340,36.722700,-4.347109,56.7,2.71
9345,36.722731,-4.347069,56.9,2.71
9350,36.722763,-4.347028,57.0,2.69
9355,36.722793,-4.346987,57.1,2.68
9360,36.722822,-4.346944,57.3,2.59
9365,36.722851,-4.346902,57.4,2.55
9370,36.722885,-4.346862,57.5,2.54
9375,36.722917,-4.346824,57.7,2.50
9380,36.722949,-4.346786,57.8,2.45
9385,36.722981,-4.346745,57.9,2.39
9390,36.723010,-4.346705,58.0,2.43
9395,36.723042,-4.346664,58.1,2.45
9400,36.723074,-4.346624,58.3,2.39
9405,36.723105,-4.346583,58.4,2.40
9410,36.723135,-4.346542,58.5,2.46
9415,36.723166,-4.346502,58.6,2.50
9420,36.723198,-4.346461,58.7,2.49
9425,36.723227,-4.346420,58.9,2.50
9430,36.723261,-4.346379,59.0,2.55
9435,36.723292,-4.346340,59.1,2.57
9440,36.723323,-4.346301,59.3,2.58
9445,36.723355,-4.346262,59.4,2.59
9450,36.723388,-4.346222,59.5,2.61
9455,36.723420,-4.346182,59.6,2.67
9460,36.723452,-4.346142,59.8,2.68
9465,36.723481,-4.346102,59.9,2.68
9470,36.723512,-4.346061,60.1,2.73
9475,36.723543,-4.346021,60.2,2.74
9480,36.723577,-4.345984,60.3,2.74
9485,36.723612,-4.345947,60.5,2.74
9490,36.723647,-4.345910,60.6,2.74
9495,36.723679,-4.345872,60.7,2.75
9500,36.723712,-4.345835,60.9,2.72
9505,36.723748,-4.345801,61.0,2.72
9510,36.723784,-4.345767,61.1,2.70
9515,36.723821,-4.345732,61.3,2.67
9520,36.723857,-4.345703,61.4,2.68
9525,36.723898,-4.345676,61.5,2.65
9530,36.723935,-4.345647,61.7,2.66
9535,36.723975,-4.345617,61.8,2.66
9540,36.724014,-4.345590,61.9,2.68
9545,36.724053,-4.345565,62.1,2.72
9550,36.724093,-4.345540,62.2,2.71
9555,36.724133,-4.345514,62.3,2.74
9560,36.724173,-4.345488,62.5,2.74
9565,36.724212,-4.345460,62.6,2.80
9570,36.724251,-4.345431,62.8,2.93
9575,36.724289,-4.345402,62.9,3.05
9580,36.724327,-4.345372,63.1,3.26
9585,36.724366,-4.345343,63.2,3.51
9590,36.724404,-4.345315,63.4,3.84
9595,36.724444,-4.345288,63.6,4.18
9600,36.724485,-4.345262,63.8,4.51
9605,36.724525,-4.345235,64.1,4.93
9610,36.724564,-4.345209,64.3,5.36
9615,36.724603,-4.345184,64.6,5.78
9620,36.724645,-4.345158,64.9,6.16
9625,36.724684,-4.345132,65.2,6.51
9630,36.724726,-4.345109,65.6,6.82
9635,36.724767,-4.345089,65.9,7.02
9640,36.724808,-4.345070,66.3,7.20
9645,36.724853,-4.345058,66.6,7.33
9650,36.724895,-4.345042,67.0,7.40
9655,36.724937,-4.345018,67.4,7.48
9660,36.724980,-4.345002,67.8,7.49
9665,36.725023,-4.344986,68.1,7.54
9670,36.725068,-4.344977,68.5,7.55
9675,36.725111,-4.344963,68.9,7.62
9680,36.725154,-4.344943,69.3,7.66
9685,36.725195,-4.344921,69.6,7.71
9690,36.725235,-4.344897,70.0,7.81
9695,36.725276,-4.344873,70.4,7.86
9700,36.725318,-4.344849,70.8,7.95
9705,36.725359,-4.344829,71.2,7.99
9710,36.725402,-4.344809,71.6,8.06
9715,36.725444,-4.344796,72.0,8.07
9720,36.725489,-4.344782,72.4,8.09
9725,36.725533,-4.344774,72.8,8.12
9730,36.725577,-4.344776,73.2,8.08
9735,36.725624,-4.344778,73.6,8.09
9740,36.725668,-4.344782,74.1,8.13
9745,36.725713,-4.344787,74.4,8.18
9750,36.725759,-4.344790,74.9,8.26
9755,36.725801,-4.344786,75.3,8.41
9760,36.725847,-4.344780,75.7,8.68
9765,36.725892,-4.344773,76.1,8.92
9770,36.725939,-4.344769,76.6,9.23
9775,36.725978,-4.344749,77.1,9.49
9780,36.726011,-4.344711,77.5,9.70
9785,36.726041,-4.344668,78.0,9.85
9790,36.726062,-4.344619,78.5,9.91
9795,36.726076,-4.344566,79.0,9.89
9800,36.726087,-4.344512,79.5,9.80
9805,36.726093,-4.344456,80.0,9.64
9810,36.726099,-4.344401,80.5,9.44
9815,36.726109,-4.344346,81.0,9.16
9820,36.726115,-4.344291,81.4,8.83
9825,36.726122,-4.344236,81.9,8.50
9830,36.726135,-4.344182,82.3,8.16
9835,36.726147,-4.344128,82.7,7.88
9840,36.726160,-4.344075,83.1,7.66
9845,36.726179,-4.344024,83.4,7.46
9850,36.726201,-4.343976,83.8,7.32
9855,36.726227,-4.343928,84.2,7.23
9860,36.726252,-4.343884,84.5,7.21
9865,36.726283,-4.343842,84.9,7.13
9870,36.726312,-4.343800,85.2,7.06
9875,36.726346,-4.343764,85.6,7.04
9880,36.726383,-4.343729,85.9,7.07
9885,36.726417,-4.343691,86.3,7.09
9890,36.726453,-4.343658,86.6,7.10
9895,36.726489,-4.343626,87.0,7.16
9900,36.726527,-4.343596,87.4,7.22
9905,36.726566,-4.343567,87.7,7.28
9910,36.726606,-4.343540,88.1,7.28
9915,36.726644,-4.343514,88.4,7.29
9920,36.726683,-4.343484,88.8,7.28
9925,36.726720,-4.343457,89.2,7.27
9930,36.726768,-4.343447,89.5,7.28
9935,36.726810,-4.343436,89.9,7.22
9940,36.726855,-4.343425,90.3,7.17
9945,36.726898,-4.343416,90.6,7.20
9950,36.726944,-4.343409,91.0,7.29
9955,36.726987,-4.343396,91.3,7.44
9960,36.727030,-4.343379,91.7,7.65
9965,36.727070,-4.343360,92.1,7.89
9970,36.727114,-4.343341,92.5,8.12
9975,36.727156,-4.343319,92.9,8.31
9980,36.727193,-4.343287,93.3,8.44
9985,36.727225,-4.343250,93.8,8.52
9990,36.727257,-4.343209,94.2,8.60
9995,36.727290,-4.343170,94.6,8.72
10000,36.727327,-4.343137,95.1,8.82
10005,36.727362,-4.343103,95.5,8.91
10010,36.727399,-4.343072,96.0,9.04
10015,36.727439,-4.343047,96.4,9.12
10020,36.727478,-4.343019,96.9,9.22
10025,36.727518,-4.342991,97.3,9.30
10030,36.727559,-4.342966,97.8,9.32
10035,36.727594,-4.342935,98.3,9.31
10040,36.727631,-4.342902,98.7,9.23
10045,36.727661,-4.342862,99.2,9.09
10050,36.727693,-4.342822,99.7,8.82
10055,36.727730,-4.342789,100.1,8.43
10060,36.727774,-4.342779,100.5,8.04
10065,36.727814,-4.342802,100.9,7.59
10070,36.727839,-4.342846,101.3,7.12
10075,36.727854,-4.342900,101.6,6.73
10080,36.727856,-4.342955,101.9,6.38
10085,36.727852,-4.343011,102.2,6.26
10090,36.727860,-4.343066,102.5,6.18
10095,36.727873,-4.343120,102.8,6.21
10100,36.727895,-4.343167,103.2,6.35
10105,36.727933,-4.343191,103.5,6.54
10110,36.727978,-4.343191,103.8,6.79
10115,36.728019,-4.343172,104.1,6.95
10120,36.728058,-4.343141,104.5,7.16
10125,36.728096,-4.343110,104.9,7.38
10130,36.728132,-4.343081,105.2,7.53
10135,36.728171,-4.343052,105.6,7.65
10140,36.728209,-4.343021,106.0,7.65
10145,36.728248,-4.342991,106.4,7.73
10150,36.728284,-4.342960,106.8,7.84
10155,36.728322,-4.342929,107.2,7.91
10160,36.728362,-4.342903,107.6,8.05
10165,36.728405,-4.342883,108.0,8.22
10170,36.728443,-4.342859,108.4,8.49
10175,36.728481,-4.342829,108.8,8.66
10180,36.728515,-4.342791,109.3,8.76
10185,36.728549,-4.342754,109.7,8.88
10190,36.728582,-4.342715,110.2,9.01
10195,36.728608,-4.342669,110.6,9.17
10200,36.728628,-4.342620,111.1,9.25
10205,36.728650,-4.342571,111.5,9.30
10210,36.728673,-4.342523,112.0,9.38
10215,36.728699,-4.342476,112.5,9.38
10220,36.728723,-4.342428,112.9,9.31
10225,36.728751,-4.342386,113.4,9.13
10230,36.728776,-4.342340,113.9,8.94
10235,36.728810,-4.342302,114.3,8.79
10240,36.728844,-4.342269,114.7,8.64
10245,36.728882,-4.342237,115.2,8.43
10250,36.728926,-4.342223,115.6,8.17
10255,36.728969,-4.342218,116.0,7.98
10260,36.729016,-4.342210,116.4,7.81
10265,36.729059,-4.342205,116.8,7.63
10270,36.729104,-4.342198,117.1,7.39
10275,36.729147,-4.342182,117.5,7.24
10280,36.729192,-4.342168,117.9,7.14
10285,36.729233,-4.342158,118.2,7.14
10290,36.729276,-4.342134,118.6,7.14
10295,36.729315,-4.342105,118.9,7.14
10300,36.729351,-4.342071,119.3,7.24
10305,36.729383,-4.342033,119.7,7.37
10310,36.729415,-4.341994,120.0,7.47
10315,36.729447,-4.341954,120.4,7.48
10320,36.729474,-4.341911,120.8,7.51
10325,36.729499,-4.341863,121.2,7.62
10330,36.729514,-4.341811,121.5,7.69
10335,36.729535,-4.341761,121.9,7.71
10340,36.729558,-4.341712,122.3,7.67
10345,36.729578,-4.341663,122.7,7.64
10350,36.729599,-4.341615,123.1,7.59
10355,36.729620,-4.341563,123.5,7.48
10360,36.729635,-4.341511,123.8,7.31
10365,36.729652,-4.341460,124.2,7.20
10370,36.729674,-4.341410,124.5,7.14
10375,36.729689,-4.341358,124.9,7.05
10380,36.729707,-4.341307,125.2,6.92
10385,36.729725,-4.341256,125.6,6.78
10390,36.729742,-4.341204,125.9,6.75
10395,36.729761,-4.341152,126.3,6.71
10400,36.729779,-4.341102,126.6,6.62
10405,36.729801,-4.341051,126.9,6.57
10410,36.729818,-4.341000,127.3,6.58
10415,36.729833,-4.340948,127.6,6.60
10420,36.729852,-4.340896,127.9,6.55
10425,36.729873,-4.340847,128.2,6.51
10430,36.729895,-4.340798,128.6,6.53
10435,36.729910,-4.340746,128.9,6.57
10440,36.729931,-4.340695,129.2,6.57
10445,36.729948,-4.340645,129.5,6.54
10450,36.729972,-4.340596,129.9,6.49
10455,36.729985,-4.340544,130.2,6.47
10460,36.730004,-4.340493,130.5,6.38
10465,36.730021,-4.340441,130.8,6.25
10470,36.730036,-4.340388,131.2,6.14
10475,36.730053,-4.340337,131.5,6.02
10480,36.730072,-4.340285,131.8,5.89
10485,36.730092,-4.340236,132.0,5.69
10490,36.730114,-4.340186,132.3,5.57
10495,36.730138,-4.340139,132.6,5.42
10500,36.730163,-4.340094,132.9,5.26
10505,36.730187,-4.340047,133.1,5.14
10510,36.730216,-4.340002,133.4,5.01
10515,36.730246,-4.339960,133.6,4.97
10520,36.730279,-4.339923,133.9,4.87
10525,36.730312,-4.339885,134.1,4.82
10530,36.730350,-4.339855,134.4,4.79
10535,36.730392,-4.339834,134.6,4.73
10540,36.730430,-4.339806,134.8,4.75
10545,36.730470,-4.339782,135.1,4.66
10550,36.730511,-4.339760,135.3,4.68
10555,36.730556,-4.339749,135.5,4.68
10560,36.730601,-4.339745,135.8,4.70
10565,36.730646,-4.339747,136.0,4.78
10570,36.730692,-4.339754,136.2,4.80
10575,36.730736,-4.339765,136.5,4.86
10580,36.730778,-4.339781,136.7,4.85
10585,36.730820,-4.339795,137.0,4.84
10590,36.730864,-4.339809,137.2,4.80
10595,36.730907,-4.339825,137.4,4.66
10600,36.730952,-4.339839,137.7,4.56
10605,36.730993,-4.339860,137.9,4.36
10610,36.731033,-4.339884,138.1,4.17
10615,36.731074,-4.339908,138.3,3.89
10620,36.731115,-4.339933,138.5,3.59
10625,36.731155,-4.339960,138.7,3.35
10630,36.731191,-4.339994,138.8,3.10
10635,36.731223,-4.340032,139.0,2.98
10640,36.731259,-4.340066,139.1,2.84
10645,36.731294,-4.340099,139.3,2.81
10650,36.731332,-4.340132,139.4,2.87
10655,36.731369,-4.340165,139.6,2.94
10660,36.731406,-4.340194,139.7,3.05
10665,36.731446,-4.340218,139.9,3.11
10670,36.731490,-4.340238,140.0,3.26
10675,36.731533,-4.340254,140.2,3.41
10680,36.731578,-4.340265,140.3,3.48
10685,36.731621,-4.340274,140.5,3.57
10690,36.731667,-4.340278,140.7,3.59
10695,36.731710,-4.340278,140.9,3.66
10700,36.731757,-4.340278,141.1,3.65
10705,36.731802,-4.340277,141.3,3.60
10710,36.731844,-4.340267,141.4,3.57
10715,36.731887,-4.340246,141.6,3.55
10720,36.731928,-4.340218,141.8,3.61
10725,36.731962,-4.340186,142.0,3.58
10730,36.731991,-4.340144,142.1,3.57
10735,36.732017,-4.340098,142.3,3.59
10740,36.732039,-4.340048,142.5,3.61
10745,36.732056,-4.339996,142.7,3.58
10750,36.732073,-4.339944,142.9,3.45
10755,36.732086,-4.339891,143.0,3.37
10760,36.732105,-4.339840,143.2,3.24
10765,36.732126,-4.339793,143.4,3.06
10770,36.732155,-4.339747,143.5,2.88
10775,36.732186,-4.339707,143.7,2.64
10780,36.732220,-4.339672,143.8,2.48
10785,36.732259,-4.339644,143.9,2.29
10790,36.732301,-4.339623,144.0,2.14
10795,36.732344,-4.339608,144.1,2.03
10800,36.732389,-4.339597,144.2,1.91
10805,36.732431,-4.339584,144.3,1.89
10810,36.732476,-4.339569,144.4,1.84
10815,36.732518,-4.339555,144.5,1.83
10820,36.732563,-4.339542,144.6,1.87
10825,36.732608,-4.339535,144.7,1.91
10830,36.732652,-4.339528,144.8,1.97
10835,36.732697,-4.339517,144.9,2.02
10840,36.732741,-4.339505,145.0,2.12
10845,36.732784,-4.339504,145.1,2.25
10850,36.732828,-4.339513,145.2,2.39
10855,36.732873,-4.339512,145.3,2.61
10860,36.732917,-4.339507,145.4,2.86
10865,36.732961,-4.339504,145.6,3.12
10870,36.733007,-4.339499,145.8,3.47
10875,36.733052,-4.339493,145.9,3.84
10880,36.733098,-4.339484,146.1,4.24
10885,36.733140,-4.339475,146.3,4.63
10890,36.733185,-4.339466,146.6,5.01
10895,36.733228,-4.339455,146.9,5.42
10900,36.733273,-4.339439,147.1,5.71
10905,36.733316,-4.339421,147.4,5.90
10910,36.733360,-4.339404,147.7,6.04
10915,36.733403,-4.339395,148.1,6.23
10920,36.733447,-4.339379,148.4,6.43
10925,36.733488,-4.339358,148.7,6.56
10930,36.733526,-4.339330,149.0,6.65
10935,36.733561,-4.339294,149.4,6.78
10940,36.733592,-4.339254,149.7,6.89
10945,36.733622,-4.339210,150.1,6.89
10950,36.733649,-4.339165,150.4,6.82
10955,36.733671,-4.339117,150.7,6.80
10960,36.733697,-4.339074,151.1,6.79
10965,36.733725,-4.339028,151.4,6.76
10970,36.733751,-4.338982,151.8,6.64
10975,36.733776,-4.338937,152.1,6.54
10980,36.733803,-4.338891,152.4,6.44
10985,36.733832,-4.338850,152.7,6.42
10990,36.733864,-4.338809,153.0,6.40
10995,36.733895,-4.338768,153.3,6.42
11000,36.733926,-4.338728,153.7,6.58
11005,36.733955,-4.338685,154.0,6.76
11010,36.733979,-4.338637,154.3,6.96
11015,36.733999,-4.338588,154.7,7.18
11020,36.734016,-4.338536,155.1,7.40
11025,36.734033,-4.338485,155.4,7.62
11030,36.734043,-4.338430,155.8,7.78
11035,36.734053,-4.338376,156.2,7.88
11040,36.734067,-4.338322,156.6,7.93
11045,36.734075,-4.338267,157.0,7.92
11050,36.734083,-4.338212,157.4,7.90
11055,36.734090,-4.338157,157.8,7.82
11060,36.734097,-4.338102,158.2,7.72
11065,36.734100,-4.338046,158.6,7.69
11070,36.734099,-4.337990,159.0,7.67
11075,36.734091,-4.337935,159.4,7.61
11080,36.734085,-4.337880,159.7,7.46
11085,36.734067,-4.337829,160.1,7.33
11090,36.734033,-4.337795,160.5,7.22
11095,36.733991,-4.337795,160.8,6.97
11100,36.733953,-4.337825,161.2,6.70
11105,36.733929,-4.337871,161.5,6.43
11110,36.733912,-4.337924,161.8,6.17
11115,36.733900,-4.337978,162.1,5.90
11120,36.733884,-4.338030,162.4,5.56
11125,36.733869,-4.338082,162.7,5.25
11130,36.733854,-4.338135,162.9,4.97
11135,36.733834,-4.338185,163.2,4.71
11140,36.733808,-4.338230,163.4,4.52
11145,36.733780,-4.338274,163.6,4.37
11150,36.733748,-4.338313,163.8,4.35
11155,36.733711,-4.338347,164.0,4.44
11160,36.733670,-4.338370,164.3,4.53
11165,36.733629,-4.338384,164.5,4.71
11170,36.733584,-4.338393,164.7,4.93
11175,36.733538,-4.338398,165.0,5.14
11180,36.733494,-4.338401,165.2,5.34
11185,36.733447,-4.338403,165.5,5.48
11190,36.733404,-4.338402,165.8,5.68
11195,36.733358,-4.338401,166.1,5.85
11200,36.733312,-4.338399,166.4,6.00
11205,36.733269,-4.338395,166.7,6.15
11210,36.733224,-4.338385,167.0,6.23
11215,36.733182,-4.338367,167.3,6.36
11220,36.733140,-4.338343,167.6,6.47
11225,36.733104,-4.338311,168.0,6.56
11230,36.733071,-4.338275,168.3,6.64
11235,36.733039,-4.338235,168.6,6.80
11240,36.733008,-4.338194,169.0,7.01
11245,36.732981,-4.338150,169.3,7.27
11250,36.732955,-4.338103,169.7,7.49
11255,36.732933,-4.338054,170.1,7.76
11260,36.732917,-4.338003,170.5,8.03
11265,36.732906,-4.337948,170.9,8.25
11270,36.732896,-4.337894,171.3,8.48
11275,36.732893,-4.337838,171.7,8.67
11280,36.732891,-4.337782,172.2,8.86
11285,36.732895,-4.337726,172.6,9.00
11290,36.732898,-4.337671,173.1,9.09
11295,36.732909,-4.337616,173.5,9.18
11300,36.732917,-4.337561,174.0,9.15
11305,36.732933,-4.337509,174.5,9.10
11310,36.732950,-4.337457,174.9,9.02
11315,36.732970,-4.337406,175.4,8.91
11320,36.732989,-4.337356,175.8,8.86
11325,36.733011,-4.337307,176.2,8.74
11330,36.733036,-4.337261,176.7,8.67
11335,36.733066,-4.337219,177.1,8.62
11340,36.733097,-4.337180,177.5,8.60
11345,36.733133,-4.337145,178.0,8.63
11350,36.733172,-4.337116,178.4,8.60
11355,36.733211,-4.337088,178.8,8.66
11360,36.733251,-4.337059,179.3,8.74
11365,36.733288,-4.337031,179.7,8.79
11370,36.733326,-4.337001,180.1,8.80
11375,36.733368,-4.336976,180.6,8.75
11380,36.733407,-4.336950,181.0,8.69
11385,36.733445,-4.336920,181.5,8.57
11390,36.733484,-4.336894,181.9,8.39
11395,36.733526,-4.336871,182.3,8.15
11400,36.733566,-4.336845,182.7,7.95
11405,36.733607,-4.336821,183.1,7.74
11410,36.733648,-4.336798,183.5,7.58
11415,36.733688,-4.336775,183.8,7.45
11420,36.733729,-4.336750,184.2,7.38
11425,36.733766,-4.336720,184.6,7.40
11430,36.733807,-4.336695,184.9,7.40
11435,36.733848,-4.336674,185.3,7.48
11440,36.733891,-4.336652,185.7,7.53
11445,36.733931,-4.336627,186.1,7.57
11450,36.733969,-4.336601,186.5,7.65
11455,36.734011,-4.336578,186.8,7.67
11460,36.734051,-4.336553,187.2,7.68
11465,36.734092,-4.336528,187.6,7.64
11470,36.734130,-4.336502,188.0,7.63
11475,36.734170,-4.336477,188.4,7.57
11480,36.734205,-4.336441,188.7,7.46
11485,36.734240,-4.336404,189.1,7.35
11490,36.734261,-4.336356,189.5,7.20
11495,36.734276,-4.336303,189.8,6.99
11500,36.734291,-4.336251,190.2,6.76
11505,36.734308,-4.336198,190.5,6.55
11510,36.734316,-4.336143,190.8,6.30
11515,36.734327,-4.336089,191.1,6.13
11520,36.734351,-4.336040,191.4,6.03
11525,36.734375,-4.335995,191.7,5.97
11530,36.734408,-4.335956,192.0,5.98
11535,36.734443,-4.335921,192.3,6.03
11540,36.734480,-4.335886,192.6,6.16
11545,36.734515,-4.335854,192.9,6.27
11550,36.734551,-4.335821,193.3,6.42
11555,36.734587,-4.335786,193.6,6.68
11560,36.734622,-4.335752,193.9,6.88
11565,36.734658,-4.335717,194.3,7.13
11570,36.734693,-4.335683,194.6,7.32
11575,36.734730,-4.335650,195.0,7.46
11580,36.734769,-4.335625,195.4,7.51
11585,36.734808,-4.335597,195.8,7.40
11590,36.734847,-4.335568,196.2,7.32
11595,36.734885,-4.335539,196.5,7.13
11600,36.734926,-4.335514,196.9,6.93
11605,36.734968,-4.335493,197.2,6.77
11610,36.735008,-4.335470,197.5,6.57
11615,36.735049,-4.335449,197.9,6.45
11620,36.735089,-4.335425,198.2,6.32
11625,36.735130,-4.335401,198.5,6.23
11630,36.735172,-4.335374,198.8,6.17
11635,36.735214,-4.335353,199.1,6.07
11640,36.735255,-4.335330,199.4,6.13
11645,36.735296,-4.335309,199.7,6.10
11650,36.735337,-4.335287,200.0,6.11
11655,36.735377,-4.335263,200.3,6.20
11660,36.735418,-4.335241,200.6,6.25
11665,36.735461,-4.335220,200.9,6.37
11670,36.735503,-4.335201,201.3,6.40
11675,36.735544,-4.335181,201.6,6.48
11680,36.735586,-4.335159,201.9,6.53
11685,36.735628,-4.335138,202.2,6.48
11690,36.735670,-4.335116,202.6,6.52
11695,36.735712,-4.335098,202.9,6.43
11700,36.735756,-4.335079,203.2,6.43
11705,36.735795,-4.335058,203.5,6.38
11710,36.735841,-4.335041,203.8,6.33
11715,36.735880,-4.335019,204.2,6.37
11720,36.735923,-4.335001,204.5,6.30
11725,36.735964,-4.334977,204.8,6.33
11730,36.736004,-4.334953,205.1,6.25
11735,36.736046,-4.334934,205.4,6.26
11740,36.736090,-4.334917,205.7,6.31
11745,36.736130,-4.334892,206.0,6.29
11750,36.736171,-4.334871,206.4,6.38
11755,36.736213,-4.334846,206.7,6.35
11760,36.736251,-4.334818,207.0,6.43
11765,36.736287,-4.334787,207.3,6.46
11770,36.736325,-4.334757,207.6,6.39
11775,36.736354,-4.334715,208.0,6.41
11780,36.736375,-4.334665,208.3,6.37
11785,36.736401,-4.334618,208.6,6.46
11790,36.736423,-4.334570,208.9,6.49
11795,36.736444,-4.334520,209.3,6.52
11800,36.736461,-4.334469,209.6,6.65
11805,36.736481,-4.334419,209.9,6.68
11810,36.736501,-4.334368,210.3,6.78
11815,36.736520,-4.334317,210.6,6.85
11820,36.736537,-4.334265,210.9,6.91
11825,36.736555,-4.334214,211.3,6.97
11830,36.736572,-4.334163,211.6,6.99
11835,36.736593,-4.334112,212.0,6.98
11840,36.736604,-4.334058,212.3,6.94
11845,36.736613,-4.334004,212.7,6.89
11850,36.736628,-4.333951,213.0,6.82
11855,36.736647,-4.333900,213.4,6.80
11860,36.736675,-4.333856,213.7,6.82
11865,36.736703,-4.333813,214.0,6.90
11870,36.736736,-4.333773,214.4,6.96
11875,36.736769,-4.333737,214.7,7.03
11880,36.736802,-4.333698,215.1,7.21
11885,36.736834,-4.333658,215.5,7.28
11890,36.736864,-4.333618,215.8,7.38
11895,36.736900,-4.333586,216.2,7.41
11900,36.736942,-4.333563,216.6,7.46
11905,36.736986,-4.333549,217.0,7.55
11910,36.737027,-4.333540,217.3,7.52
11915,36.737074,-4.333528,217.7,7.55
11920,36.737117,-4.333513,218.1,7.53
11925,36.737161,-4.333501,218.5,7.52
11930,36.737204,-4.333491,218.8,7.49
11935,36.737248,-4.333482,219.2,7.42
11940,36.737293,-4.333472,219.6,7.45
11945,36.737337,-4.333454,219.9,7.49
11950,36.737377,-4.333430,220.3,7.59
11955,36.737413,-4.333398,220.7,7.67
11960,36.737448,-4.333362,221.1,7.75
11965,36.737483,-4.333326,221.5,7.78
11970,36.737513,-4.333286,221.9,7.73
11975,36.737546,-4.333246,222.3,7.63
11980,36.737578,-4.333207,222.6,7.51
11985,36.737608,-4.333167,223.0,7.45
11990,36.737635,-4.333124,223.4,7.33
11995,36.737667,-4.333083,223.7,7.26
12000,36.737695,-4.333040,224.1,7.15
12005,36.737722,-4.332995,224.5,7.06
12010,36.737752,-4.332952,224.8,6.99
12015,36.737781,-4.332909,225.2,6.89
12020,36.737801,-4.332861,225.5,6.91
12025,36.737824,-4.332811,225.8,6.97
12030,36.737839,-4.332759,226.2,7.14
12035,36.737852,-4.332705,226.5,7.27
12040,36.737861,-4.332650,226.9,7.34
12045,36.737865,-4.332595,227.3,7.51
12050,36.737875,-4.332540,227.7,7.53
12055,36.737885,-4.332486,228.0,7.56
12060,36.737900,-4.332433,228.4,7.46
12065,36.737925,-4.332387,228.8,7.37
12070,36.737963,-4.332353,229.2,7.28
12075,36.738002,-4.332339,229.5,7.07
12080,36.738047,-4.332334,229.9,6.86
12085,36.738092,-4.332342,230.2,6.60
12090,36.738136,-4.332358,230.6,6.49
12095,36.738180,-4.332373,230.9,6.37
12100,36.738222,-4.332394,231.2,6.31
12105,36.738262,-4.332415,231.5,6.41
12110,36.738306,-4.332434,231.8,6.68
12115,36.738350,-4.332452,232.1,7.05
12120,36.738390,-4.332471,232.5,7.45
12125,36.738435,-4.332485,232.9,7.97
12130,36.738479,-4.332495,233.3,8.43
12135,36.738523,-4.332492,233.7,8.87
12140,36.738564,-4.332470,234.2,9.14
12145,36.738602,-4.332439,234.6,9.28
12150,36.738624,-4.332392,235.1,9.33
12155,36.738628,-4.332337,235.6,9.17
12160,36.738628,-4.332281,236.1,8.97
12165,36.738610,-4.332231,236.5,8.51
12170,36.738576,-4.332198,236.9,8.04
12175,36.738537,-4.332173,237.3,7.45
12180,36.738490,-4.332162,237.7,6.75
12185,36.738447,-4.332152,238.0,6.17
12190,36.738405,-4.332132,238.3,5.56
12195,36.738361,-4.332125,238.5,5.14
12200,36.738316,-4.332121,238.8,4.81
12205,36.738272,-4.332107,239.0,4.62
12210,36.738227,-4.332092,239.2,4.54
12215,36.738185,-4.332077,239.5,4.40
12220,36.738146,-4.332053,239.7,4.40
12225,36.738104,-4.332035,239.9,4.39
12230,36.738059,-4.332015,240.1,4.42
12235,36.738018,-4.331996,240.3,4.48
12240,36.737974,-4.331989,240.6,4.54
12245,36.737930,-4.331982,240.8,4.69
12250,36.737886,-4.331997,241.0,4.85
12255,36.737849,-4.332026,241.3,5.03
12260,36.737817,-4.332065,241.5,5.23
12265,36.737790,-4.332112,241.8,5.50
12270,36.737772,-4.332162,242.1,5.85
12275,36.737759,-4.332215,242.4,6.20
12280,36.737743,-4.332268,242.7,6.52
12285,36.737723,-4.332318,243.0,6.80
12290,36.737702,-4.332368,243.4,7.07
12295,36.737677,-4.332413,243.7,7.33
12300,36.737648,-4.332456,244.1,7.50
12305,36.737613,-4.332491,244.5,7.64
12310,36.737570,-4.332510,244.9,7.70
12315,36.737528,-4.332498,245.3,7.73
12320,36.737489,-4.332472,245.7,7.68
12325,36.737457,-4.332432,246.0,7.55
12330,36.737440,-4.332380,246.4,7.42
12335,36.737431,-4.332325,246.8,7.31
12340,36.737427,-4.332270,247.1,7.26
12345,36.737423,-4.332214,247.5,7.28
12350,36.737425,-4.332158,247.9,7.34
12355,36.737431,-4.332103,248.2,7.37
12360,36.737447,-4.332050,248.6,7.42
12365,36.737475,-4.332007,249.0,7.47
12370,36.737508,-4.331968,249.4,7.53
12375,36.737540,-4.331929,249.7,7.56
12380,36.737572,-4.331890,250.1,7.59
12385,36.737601,-4.331847,250.5,7.68
12390,36.737632,-4.331805,250.9,7.71
12395,36.737662,-4.331765,251.3,7.70
12400,36.737692,-4.331726,251.7,7.58
12405,36.737725,-4.331686,252.0,7.37
12410,36.737761,-4.331649,252.4,7.12
12415,36.737796,-4.331616,252.8,6.78
12420,36.737836,-4.331590,253.1,6.41
12425,36.737877,-4.331568,253.4,5.99
12430,36.737917,-4.331546,253.7,5.61
12435,36.737961,-4.331534,254.0,5.19
12440,36.738005,-4.331525,254.2,4.75
12445,36.738051,-4.331522,254.4,4.38
12450,36.738096,-4.331526,254.6,4.02
12455,36.738141,-4.331520,254.8,3.68
12460,36.738186,-4.331514,255.0,3.39
12465,36.738230,-4.331511,255.2,3.23
12470,36.738274,-4.331512,255.3,3.10
12475,36.738320,-4.331514,255.5,2.94
12480,36.738364,-4.331516,255.6,2.83
12485,36.738411,-4.331515,255.8,2.71
12490,36.738456,-4.331515,255.9,2.62
12495,36.738501,-4.331515,256.0,2.54
12500,36.738547,-4.331510,256.1,2.52
12505,36.738591,-4.331503,256.2,2.55
12510,36.738634,-4.331495,256.4,2.66
12515,36.738680,-4.331489,256.5,2.80
12520,36.738724,-4.331483,256.6,2.89
12525,36.738769,-4.331483,256.8,3.01
12530,36.738815,-4.331484,257.0,3.09
12535,36.738859,-4.331488,257.1,3.18
12540,36.738903,-4.331497,257.3,3.25
12545,36.738944,-4.331522,257.4,3.34
12550,36.738981,-4.331553,257.6,3.40
12555,36.739017,-4.331588,257.8,3.35
12560,36.739051,-4.331622,258.0,3.34
12565,36.739087,-4.331658,258.1,3.23
12570,36.739115,-4.331699,258.3,3.09
12575,36.739143,-4.331744,258.4,2.99
12580,36.739168,-4.331791,258.6,2.91
12585,36.739192,-4.331837,258.7,2.95
12590,36.739222,-4.331882,258.9,2.95
12595,36.739253,-4.331920,259.0,3.03
12600,36.739291,-4.331951,259.2,3.07
12605,36.739328,-4.331980,259.3,3.11
12610,36.739370,-4.332006,259.5,3.19
12615,36.739411,-4.332030,259.6,3.19
12620,36.739451,-4.332053,259.8,3.30
12625,36.739493,-4.332074,260.0,3.45
12630,36.739536,-4.332092,260.1,3.61
12635,36.739580,-4.332112,260.3,3.75
12640,36.739622,-4.332131,260.5,3.89
12645,36.739660,-4.332151,260.7,4.08
12650,36.739704,-4.332172,260.9,4.20
12655,36.739748,-4.332191,261.1,4.37
12660,36.739790,-4.332205,261.3,4.62
12665,36.739835,-4.332214,261.6,4.90
12670,36.739879,-4.332218,261.8,5.16
12675,36.739924,-4.332211,262.1,5.41
12680,36.739965,-4.332193,262.4,5.67
12685,36.740008,-4.332171,262.7,5.93
12690,36.740046,-4.332144,263.0,6.17
12695,36.740084,-4.332111,263.3,6.39
12700,36.740116,-4.332073,263.6,6.65
12705,36.740152,-4.332037,264.0,6.90
12710,36.740186,-4.332003,264.3,7.13
12715,36.740221,-4.331966,264.7,7.26
12720,36.740252,-4.331929,265.0,7.34
12725,36.740285,-4.331890,265.4,7.46
12730,36.740318,-4.331852,265.8,7.51
12735,36.740352,-4.331818,266.2,7.59
12740,36.740388,-4.331781,266.5,7.64
12745,36.740419,-4.331740,266.9,7.71
12750,36.740445,-4.331695,267.3,7.79
12755,36.740467,-4.331647,267.7,7.77
12760,36.740488,-4.331596,268.1,7.80
12765,36.740501,-4.331543,268.5,7.78
12770,36.740509,-4.331488,268.9,7.78
12775,36.740519,-4.331434,269.3,7.81
12780,36.740527,-4.331378,269.6,7.77
12785,36.740532,-4.331323,270.0,7.80
12790,36.740537,-4.331267,270.4,7.74
12795,36.740539,-4.331211,270.8,7.69
12800,36.740539,-4.331156,271.2,7.63
12805,36.740543,-4.331100,271.6,7.57
12810,36.740551,-4.331045,272.0,7.57
12815,36.740562,-4.330990,272.3,7.54
12820,36.740574,-4.330936,272.7,7.57
12825,36.740596,-4.330888,273.1,7.63
12830,36.740627,-4.330850,273.5,7.68
12835,36.740664,-4.330814,273.9,7.78
12840,36.740697,-4.330780,274.2,7.86
12845,36.740737,-4.330753,274.6,7.94
12850,36.740776,-4.330723,275.0,8.07
12855,36.740809,-4.330686,275.4,8.17
12860,36.740845,-4.330651,275.9,8.28
12865,36.740882,-4.330619,276.3,8.42
12870,36.740917,-4.330588,276.7,8.59
12875,36.740957,-4.330559,277.1,8.76
12880,36.740994,-4.330531,277.6,8.84
12885,36.741035,-4.330505,278.0,8.93
12890,36.741077,-4.330483,278.5,9.02
12895,36.741120,-4.330461,278.9,8.96
12900,36.741158,-4.330433,279.4,8.87
12905,36.741198,-4.330410,279.8,8.69
12910,36.741240,-4.330399,280.3,8.53
12915,36.741285,-4.330389,280.7,8.29
12920,36.741331,-4.330390,281.1,7.99
12925,36.741372,-4.330414,281.5,7.69
12930,36.741405,-4.330451,281.9,7.40
12935,36.741434,-4.330494,282.2,7.14
12940,36.741458,-4.330540,282.6,6.87
12945,36.741477,-4.330591,282.9,6.67
12950,36.741499,-4.330640,283.2,6.60
12955,36.741524,-4.330688,283.5,6.60
12960,36.741545,-4.330737,283.9,6.59
12965,36.741576,-4.330777,284.2,6.65
12970,36.741612,-4.330809,284.5,6.87
12975,36.741653,-4.330834,284.9,7.00
12980,36.741693,-4.330858,285.2,7.13
12985,36.741735,-4.330881,285.6,7.20
12990,36.741777,-4.330900,286.0,7.34
12995,36.741817,-4.330925,286.3,7.50
13000,36.741858,-4.330952,286.7,7.48
13005,36.741895,-4.330982,287.1,7.56
13010,36.741928,-4.331021,287.5,7.59
13015,36.741960,-4.331060,287.8,7.74
13020,36.741992,-4.331099,288.2,7.82
13025,36.742028,-4.331133,288.6,7.81
13030,36.742065,-4.331164,289.0,7.90
13035,36.742105,-4.331189,289.4,7.97
13040,36.742149,-4.331199,289.8,8.10
13045,36.742192,-4.331191,290.2,8.10
13050,36.742230,-4.331161,290.6,8.09
13055,36.742258,-4.331115,291.0,8.14
13060,36.742269,-4.331062,291.5,8.08
13065,36.742271,-4.331006,291.9,7.95
13070,36.742268,-4.330950,292.3,7.75
13075,36.742271,-4.330894,292.6,7.58
13080,36.742271,-4.330838,293.0,7.34
13085,36.742264,-4.330783,293.4,7.06
13090,36.742260,-4.330728,293.7,6.71
13095,36.742260,-4.330672,294.1,6.43
13100,36.742261,-4.330616,294.4,6.17
13105,36.742270,-4.330561,294.7,5.88
13110,36.742284,-4.330507,294.9,5.68
13115,36.742296,-4.330454,295.2,5.57
13120,36.742311,-4.330401,295.5,5.64
13125,36.742328,-4.330350,295.8,5.65
13130,36.742341,-4.330296,296.0,5.70
13135,36.742356,-4.330244,296.3,5.89
13140,36.742373,-4.330193,296.6,6.12
13145,36.742390,-4.330141,296.9,6.41
13150,36.742403,-4.330086,297.3,6.58
13155,36.742420,-4.330036,297.6,6.83
13160,36.742438,-4.329985,298.0,7.02
13165,36.742465,-4.329940,298.3,7.11
13170,36.742499,-4.329902,298.7,7.10
13175,36.742542,-4.329884,299.0,6.91
13180,36.742587,-4.329887,299.4,6.79
13185,36.742627,-4.329904,299.7,6.61
13190,36.742669,-4.329932,300.0,6.39
13195,36.742702,-4.329969,300.4,6.18
13200,36.742734,-4.330006,300.7,6.00
13205,36.742770,-4.330039,301.0,5.91
13210,36.742805,-4.330074,301.2,5.78
13215,36.742844,-4.330102,301.5,5.71
13220,36.742889,-4.330111,301.8,5.74
13225,36.742933,-4.330100,302.1,5.79
13230,36.742971,-4.330074,302.4,5.86
13235,36.743004,-4.330035,302.7,5.92
13240,36.743034,-4.329993,303.0,5.98
13245,36.743066,-4.329954,303.3,6.01
13250,36.743095,-4.329910,303.6,5.97
13255,36.743125,-4.329868,303.9,5.92
13260,36.743159,-4.329833,304.2,5.81
13265,36.743193,-4.329797,304.5,5.74
13270,36.743232,-4.329765,304.8,5.64
13275,36.743269,-4.329734,305.0,5.54
13280,36.743308,-4.329707,305.3,5.47
13285,36.743346,-4.329682,305.6,5.43
13290,36.743387,-4.329656,305.8,5.49
13295,36.743427,-4.329632,306.1,5.47
13300,36.743468,-4.329606,306.4,5.52
13305,36.743508,-4.329580,306.7,5.57
13310,36.743549,-4.329555,307.0,5.58
13315,36.743586,-4.329524,307.2,5.60
13320,36.743622,-4.329493,307.5,5.61
13325,36.743662,-4.329466,307.8,5.73
13330,36.743700,-4.329438,308.1,5.84
13335,36.743739,-4.329408,308.4,5.89
13340,36.743779,-4.329383,308.7,5.99
13345,36.743819,-4.329356,309.0,5.96
13350,36.743859,-4.329330,309.3,5.98
13355,36.743897,-4.329303,309.6,5.93
13360,36.743937,-4.329274,309.9,5.86
13365,36.743978,-4.329248,310.2,5.84
13370,36.744019,-4.329234,310.4,5.82
13375,36.744064,-4.329229,310.7,5.85
13380,36.744109,-4.329240,311.0,5.82
13385,36.744152,-4.329254,311.3,5.80
13390,36.744196,-4.329271,311.6,5.84
13395,36.744236,-4.329296,311.9,5.85
13400,36.744275,-4.329321,312.2,5.97
13405,36.744315,-4.329344,312.5,6.08
13410,36.744359,-4.329355,312.8,6.18
13415,36.744404,-4.329353,313.1,6.25
13420,36.744446,-4.329332,313.4,6.27
13425,36.744486,-4.329307,313.8,6.30
13430,36.744526,-4.329279,314.1,6.20
13435,36.744561,-4.329243,314.4,6.14
13440,36.744602,-4.329216,314.7,6.03
13445,36.744642,-4.329200,315.0,5.95
13450,36.744689,-4.329206,315.3,5.92
13455,36.744727,-4.329231,315.6,5.82
13460,36.744767,-4.329259,315.8,5.73
13465,36.744808,-4.329276,316.2,5.57
13470,36.744847,-4.329306,316.4,5.53
13475,36.744880,-4.329343,316.7,5.49
13480,36.744914,-4.329380,316.9,5.37
13485,36.744950,-4.329416,317.2,5.37
13490,36.744984,-4.329452,317.5,5.32
13495,36.745007,-4.329499,317.8,5.36
13500,36.745023,-4.329551,318.0,5.28
13505,36.745034,-4.329605,318.3,5.20
13510,36.745045,-4.329660,318.6,5.14
13515,36.745053,-4.329714,318.8,5.12
13520,36.745067,-4.329768,319.1,5.24
13525,36.745085,-4.329818,319.3,5.33
13530,36.745106,-4.329868,319.6,5.52
13535,36.745126,-4.329919,319.9,5.79
13540,36.745150,-4.329966,320.2,6.05
13545,36.745178,-4.330009,320.5,6.28
13550,36.745219,-4.330034,320.8,6.41
13555,36.745260,-4.330047,321.1,6.45
13560,36.745304,-4.330033,321.5,6.38
13565,36.745345,-4.330014,321.8,6.21
13570,36.745391,-4.330015,322.1,5.99
13575,36.745435,-4.330009,322.4,5.69
13580,36.745476,-4.330029,322.7,5.35
13585,36.745518,-4.330053,322.9,5.11
13590,36.745545,-4.330095,323.2,4.88
13595,36.745559,-4.330149,323.4,4.72
13600,36.745570,-4.330203,323.6,4.65
13605,36.745570,-4.330258,323.8,4.68
13610,36.745571,-4.330314,324.1,4.88
13615,36.745583,-4.330367,324.3,5.16
13620,36.745606,-4.330415,324.6,5.57
13625,36.745636,-4.330457,324.9,6.02
13630,36.745676,-4.330475,325.2,6.43
13635,36.745723,-4.330474,325.5,6.85
13640,36.745767,-4.330462,325.9,7.14
13645,36.745808,-4.330443,326.2,7.36
13650,36.745851,-4.330429,326.6,7.40
13655,36.745896,-4.330421,327.0,7.36
13660,36.745942,-4.330421,327.4,7.28
13665,36.745986,-4.330422,327.7,7.16
13670,36.746031,-4.330427,328.1,6.98
13675,36.746077,-4.330435,328.4,6.77
13680,36.746119,-4.330455,328.8,6.64
13685,36.746155,-4.330483,329.1,6.59
13690,36.746199,-4.330505,329.4,6.54
13695,36.746239,-4.330530,329.7,6.50
13700,36.746280,-4.330554,330.1,6.59
13705,36.746322,-4.330567,330.4,6.74
13710,36.746366,-4.330576,330.7,6.92
13715,36.746413,-4.330578,331.1,7.07
13720,36.746458,-4.330571,331.4,7.27
13725,36.746497,-4.330544,331.8,7.51
13730,36.746535,-4.330519,332.2,7.75
13735,36.746576,-4.330496,332.6,7.91
13740,36.746618,-4.330472,333.0,8.05
13745,36.746657,-4.330447,333.4,8.16
13750,36.746701,-4.330432,333.8,8.23
13755,36.746739,-4.330405,334.2,8.15
13760,36.746783,-4.330398,334.6,7.97
13765,36.746825,-4.330376,335.0,7.76
13770,36.746870,-4.330380,335.4,7.49
13775,36.746915,-4.330386,335.8,7.20
13780,36.746961,-4.330395,336.1,6.86
13785,36.747001,-4.330416,336.5,6.57
13790,36.747039,-4.330444,336.8,6.36
13795,36.747078,-4.330475,337.1,6.22
13800,36.747114,-4.330506,337.4,6.21
13805,36.747156,-4.330526,337.7,6.29
13810,36.747199,-4.330544,338.0,6.56
13815,36.747241,-4.330556,338.3,7.00
13820,36.747289,-4.330558,338.7,7.44
13825,36.747333,-4.330558,339.1,7.97
13830,36.747378,-4.330553,339.5,8.40
13835,36.747422,-4.330540,339.9,8.76
13840,36.747462,-4.330518,340.4,8.98
13845,36.747505,-4.330496,340.8,9.05
13850,36.747542,-4.330467,341.3,9.01
13855,36.747581,-4.330442,341.8,8.80
13860,36.747622,-4.330415,342.2,8.45
13865,36.747667,-4.330411,342.6,7.98
13870,36.747712,-4.330408,343.0,7.43
13875,36.747756,-4.330416,343.4,6.86
13880,36.747801,-4.330430,343.7,6.26
13885,36.747841,-4.330451,344.0,5.71
13890,36.747877,-4.330484,344.3,5.27
13895,36.747905,-4.330527,344.5,4.90
13900,36.747932,-4.330573,344.7,4.60
13905,36.747950,-4.330623,345.0,4.32
13910,36.747971,-4.330673,345.2,4.10
13915,36.747990,-4.330724,345.4,3.94
13920,36.748003,-4.330777,345.6,3.81
13925,36.748020,-4.330829,345.7,3.72
13930,36.748036,-4.330881,345.9,3.66
13935,36.748053,-4.330934,346.1,3.65
13940,36.748065,-4.330987,346.3,3.70
13945,36.748071,-4.331042,346.5,3.77
13950,36.748074,-4.331098,346.7,3.89
13955,36.748077,-4.331154,346.8,4.09
13960,36.748081,-4.331210,347.1,4.38
13965,36.748081,-4.331266,347.3,4.70
13970,36.748089,-4.331321,347.5,5.05
13975,36.748100,-4.331375,347.8,5.39
13980,36.748125,-4.331420,348.1,5.75
13985,36.748159,-4.331455,348.4,6.09
13990,36.748205,-4.331469,348.7,6.36
13995,36.748249,-4.331466,349.0,6.60
14000,36.748290,-4.331447,349.3,6.82
14005,36.748329,-4.331421,349.7,7.03
14010,36.748361,-4.331381,350.0,7.18
14015,36.748394,-4.331341,350.4,7.27
14020,36.748420,-4.331298,350.8,7.32
14025,36.748440,-4.331248,351.1,7.35
14030,36.748465,-4.331200,351.5,7.33
14035,36.748485,-4.331152,351.9,7.26
14040,36.748513,-4.331107,352.2,7.18
14045,36.748548,-4.331074,352.6,7.11
14050,36.748588,-4.331049,353.0,7.06
14055,36.748633,-4.331036,353.3,7.06
14060,36.748679,-4.331041,353.7,7.03
14065,36.748724,-4.331049,354.0,7.07
14070,36.748766,-4.331061,354.4,7.05
14075,36.748808,-4.331082,354.7,7.08
14080,36.748846,-4.331108,355.1,7.03
14085,36.748888,-4.331131,355.4,6.92
14090,36.748931,-4.331148,355.8,6.84
14095,36.748976,-4.331152,356.1,6.66
14100,36.749012,-4.331185,356.4,6.58
14105,36.749049,-4.331214,356.8,6.38
14110,36.749088,-4.331244,357.1,6.17
14115,36.749118,-4.331284,357.4,6.01
14120,36.749139,-4.331333,357.7,5.79
14125,36.749152,-4.331386,358.0,5.68
14130,36.749157,-4.331442,358.2,5.56
14135,36.749157,-4.331498,358.5,5.55
14140,36.749157,-4.331554,358.8,5.68
14145,36.749159,-4.331609,359.1,5.82
14150,36.749161,-4.331665,359.4,6.10
14155,36.749157,-4.331721,359.7,6.31
14160,36.749161,-4.331777,360.0,6.59
14165,36.749165,-4.331832,360.3,6.84
14170,36.749163,-4.331888,360.7,7.02
14175,36.749155,-4.331944,361.0,7.13
14180,36.749157,-4.331999,361.4,7.13
14185,36.749155,-4.332055,361.8,7.08
14190,36.749153,-4.332111,362.1,6.96
14195,36.749158,-4.332166,362.5,6.77
14200,36.749167,-4.332221,362.8,6.52
14205,36.749176,-4.332275,363.1,6.24
14210,36.749186,-4.332330,363.4,5.99
14215,36.749194,-4.332384,363.7,5.79
14220,36.749196,-4.332440,364.0,5.60
14225,36.749204,-4.332496,364.3,5.42
14230,36.749207,-4.332551,364.5,5.35
14235,36.749207,-4.332607,364.8,5.31
14240,36.749207,-4.332663,365.1,5.33
14245,36.749202,-4.332718,365.3,5.37
14250,36.749200,-4.332774,365.6,5.41
14255,36.749206,-4.332830,365.9,5.56
14260,36.749207,-4.332886,366.1,5.66
14265,36.749207,-4.332942,366.4,5.79
14270,36.749203,-4.332998,366.7,5.85
14275,36.749205,-4.333053,367.0,5.94
14280,36.749207,-4.333109,367.3,5.99
14285,36.749207,-4.333165,367.6,5.94
14290,36.749207,-4.333221,367.9,5.97
14295,36.749207,-4.333277,368.2,6.00
14300,36.749207,-4.333333,368.5,6.03
14305,36.749211,-4.333388,368.8,6.09
14310,36.749228,-4.333440,369.1,6.09
14315,36.749249,-4.333490,369.4,6.19
14320,36.749275,-4.333536,369.8,6.20
14325,36.749306,-4.333579,370.1,6.23
14330,36.749335,-4.333621,370.4,6.28
14335,36.749364,-4.333661,370.7,6.36
14340,36.749399,-4.333699,371.0,6.48
14345,36.749434,-4.333732,371.3,6.61
14350,36.749472,-4.333762,371.7,6.76
14355,36.749508,-4.333798,372.0,6.94
14360,36.749541,-4.333832,372.4,7.06
14365,36.749579,-4.333863,372.7,7.14
14370,36.749613,-4.333900,373.1,7.21
14375,36.749652,-4.333927,373.4,7.20
14380,36.749693,-4.333946,373.8,7.15
14385,36.749740,-4.333943,374.2,7.00
14390,36.749780,-4.333921,374.5,6.86
14395,36.749821,-4.333894,374.9,6.68
14400,36.749855,-4.333859,375.2,6.45
14405,36.749885,-4.333817,375.5,6.16
14410,36.749915,-4.333777,375.8,5.87
14415,36.749945,-4.333735,376.1,5.66
14420,36.749978,-4.333695,376.4,5.48
14425,36.750010,-4.333656,376.6,5.28
14430,36.750043,-4.333620,376.9,5.20
14435,36.750083,-4.333587,377.1,5.16
14440,36.750118,-4.333557,377.4,5.19
14445,36.750159,-4.333533,377.7,5.19
14450,36.750198,-4.333504,377.9,5.28
14455,36.750237,-4.333475,378.2,5.41
14460,36.750275,-4.333448,378.4,5.54
14465,36.750315,-4.333420,378.7,5.73
14470,36.750352,-4.333392,379.0,5.89
14475,36.750390,-4.333357,379.3,6.06
14480,36.750418,-4.333313,379.6,6.25
14485,36.750448,-4.333270,379.9,6.41
14490,36.750474,-4.333225,380.3,6.54
14495,36.750503,-4.333186,380.6,6.66
14500,36.750526,-4.333138,380.9,6.78
14505,36.750559,-4.333100,381.3,6.88
14510,36.750593,-4.333063,381.6,6.87
14515,36.750626,-4.333024,382.0,6.85
14520,36.750660,-4.332991,382.3,6.82
14525,36.750701,-4.332963,382.7,6.74
14530,36.750737,-4.332931,383.0,6.70
14535,36.750779,-4.332908,383.3,6.58
14540,36.750820,-4.332888,383.6,6.48
14545,36.750861,-4.332867,384.0,6.46
14550,36.750902,-4.332846,384.3,6.36
14555,36.750946,-4.332833,384.6,6.39
14560,36.750991,-4.332815,384.9,6.31
14565,36.751035,-4.332808,385.2,6.33
14570,36.751078,-4.332797,385.6,6.35
14575,36.751122,-4.332785,385.9,6.28
14580,36.751168,-4.332776,386.2,6.29
14585,36.751212,-4.332768,386.5,6.21
14590,36.751257,-4.332766,386.8,6.18
14595,36.751302,-4.332756,387.1,6.15
14600,36.751346,-4.332751,387.4,6.08
14605,36.751392,-4.332749,387.7,6.07
14610,36.751437,-4.332742,388.0,5.98
14615,36.751481,-4.332735,388.3,5.96
14620,36.751524,-4.332738,388.6,5.89
14625,36.751568,-4.332739,388.9,5.80
14630,36.751616,-4.332737,389.2,5.83
14635,36.751660,-4.332738,389.5,5.80
14640,36.751704,-4.332734,389.8,5.82
14645,36.751749,-4.332732,390.1,5.86
14650,36.751793,-4.332721,390.4,5.91
14655,36.751839,-4.332719,390.7,5.94
14660,36.751885,-4.332717,391.0,6.00
14665,36.751928,-4.332722,391.3,6.13
14670,36.751974,-4.332722,391.6,6.36
14675,36.752020,-4.332722,391.9,6.58
14680,36.752064,-4.332713,392.2,6.84
14685,36.752104,-4.332692,392.6,7.12
14690,36.752139,-4.332660,392.9,7.41
14695,36.752151,-4.332607,393.3,7.65
14700,36.752144,-4.332554,393.7,7.75
14705,36.752112,-4.332513,394.1,7.85
14710,36.752080,-4.332475,394.5,7.92
14715,36.752037,-4.332461,394.9,7.88
14720,36.751994,-4.332444,395.3,7.68
14725,36.751950,-4.332433,395.7,7.36
14730,36.751907,-4.332433,396.1,7.05
14735,36.751862,-4.332438,396.4,6.57
14740,36.751816,-4.332445,396.7,6.03
14745,36.751771,-4.332448,397.0,5.49
14750,36.751728,-4.332455,397.3,5.00
14755,36.751682,-4.332461,397.5,4.61
14760,36.751638,-4.332466,397.7,4.17
14765,36.751591,-4.332473,397.9,3.85
14770,36.751548,-4.332479,398.1,3.57
14775,36.751503,-4.332485,398.3,3.40
14780,36.751458,-4.332493,398.4,3.23
14785,36.751414,-4.332499,398.6,3.14
14790,36.751369,-4.332508,398.7,3.16
14795,36.751323,-4.332512,398.9,3.23
14800,36.751277,-4.332515,399.0,3.33
14805,36.751235,-4.332523,399.2,3.43
14810,36.751189,-4.332529,399.4,3.62
14815,36.751145,-4.332531,399.6,3.78
14820,36.751099,-4.332530,399.8,3.96
14825,36.751053,-4.332531,400.0,4.17
14830,36.751010,-4.332531,400.2,4.37
14835,36.750966,-4.332531,400.4,4.59
14840,36.750919,-4.332531,400.6,4.70
14845,36.750874,-4.332533,400.9,4.87
14850,36.750831,-4.332529,401.1,4.97
14855,36.750785,-4.332518,401.4,5.05
14860,36.750739,-4.332519,401.6,5.10
14865,36.750697,-4.332534,401.9,5.11
14870,36.750653,-4.332538,402.2,5.24
14875,36.750607,-4.332543,402.4,5.33
14880,36.750567,-4.332563,402.7,5.44
14885,36.750528,-4.332591,403.0,5.47
14890,36.750487,-4.332619,403.2,5.59
14895,36.750449,-4.332647,403.5,5.76
14900,36.750412,-4.332680,403.8,5.87
14905,36.750376,-4.332711,404.1,5.92
14910,36.750336,-4.332740,404.4,5.95
14915,36.750298,-4.332770,404.7,6.06
14920,36.750260,-4.332798,405.0,6.06
14925,36.750218,-4.332818,405.3,5.97
14930,36.750173,-4.332831,405.6,5.79
14935,36.750132,-4.332852,405.9,5.62
14940,36.750088,-4.332867,406.2,5.40
14945,36.750044,-4.332866,406.5,5.08
14950,36.750008,-4.332838,406.7,4.82
14955,36.749980,-4.332793,406.9,4.55
14960,36.749959,-4.332744,407.1,4.41
14965,36.749947,-4.332690,407.4,4.32
14970,36.749947,-4.332634,407.6,4.28
14975,36.749951,-4.332578,407.8,4.35
14980,36.749968,-4.332527,408.0,4.45
14985,36.749992,-4.332479,408.2,4.69
14990,36.750022,-4.332437,408.4,4.92
14995,36.750055,-4.332401,408.7,5.30
15000,36.750096,-4.332377,409.0,5.71
15005,36.750139,-4.332361,409.3,6.10
15010,36.750184,-4.332352,409.6,6.51
15015,36.750228,-4.332350,409.9,6.82
15020,36.750274,-4.332343,410.3,7.12
15025,36.750319,-4.332333,410.6,7.30
15030,36.750361,-4.332325,411.0,7.47
15035,36.750407,-4.332320,411.4,7.59
15040,36.750452,-4.332316,411.8,7.62
15045,36.750497,-4.332307,412.2,7.70
15050,36.750541,-4.332302,412.6,7.70
15055,36.750586,-4.332292,412.9,7.66
15060,36.750629,-4.332287,413.3,7.60
15065,36.750675,-4.332278,413.7,7.55
15070,36.750719,-4.332265,414.1,7.55
15075,36.750764,-4.332253,414.4,7.46
15080,36.750808,-4.332238,414.8,7.38
15085,36.750850,-4.332219,415.2,7.30
15090,36.750893,-4.332203,415.6,7.22
15095,36.750936,-4.332187,415.9,7.13
15100,36.750979,-4.332168,416.3,7.03
15105,36.751018,-4.332145,416.6,6.98
15110,36.751057,-4.332117,417.0,6.99
15115,36.751097,-4.332091,417.3,6.98
15120,36.751139,-4.332069,417.7,6.94
15125,36.751182,-4.332046,418.0,6.90
15130,36.751222,-4.332025,418.4,6.90
15135,36.751263,-4.332005,418.7,6.88
15140,36.751306,-4.331987,419.0,6.92
15145,36.751349,-4.331966,419.4,6.99
15150,36.751390,-4.331948,419.7,7.10
15155,36.751432,-4.331928,420.1,7.17
15160,36.751475,-4.331912,420.5,7.14
15165,36.751520,-4.331906,420.8,7.09
15170,36.751564,-4.331895,421.2,6.98
15175,36.751608,-4.331880,421.5,6.86
15180,36.751653,-4.331871,421.8,6.75
15185,36.751697,-4.331860,422.2,6.69
15190,36.751742,-4.331854,422.5,6.79
15195,36.751785,-4.331849,422.8,6.83
15200,36.751832,-4.331847,423.2,6.87
15205,36.751876,-4.331850,423.6,6.91
15210,36.751923,-4.331851,423.9,7.00
15215,36.751966,-4.331854,424.2,7.16
15220,36.752010,-4.331860,424.6,7.27
15225,36.752056,-4.331858,424.9,7.46
15230,36.752101,-4.331857,425.3,7.65
15235,36.752144,-4.331861,425.7,7.82
15240,36.752190,-4.331864,426.1,7.95
15245,36.752237,-4.331872,426.5,7.93
15250,36.752280,-4.331875,426.9,7.92
15255,36.752324,-4.331877,427.3,7.91
15260,36.752371,-4.331878,427.7,7.88
15265,36.752414,-4.331877,428.1,7.82
15270,36.752459,-4.331871,428.5,7.74
15275,36.752504,-4.331860,428.9,7.70
15280,36.752549,-4.331850,429.3,7.64
15285,36.752591,-4.331836,429.7,7.57
15290,36.752634,-4.331818,430.0,7.51
15295,36.752677,-4.331802,430.4,7.54
15300,36.752720,-4.331780,430.8,7.58
15305,36.752758,-4.331753,431.1,7.68
15310,36.752797,-4.331724,431.5,7.81
15315,36.752834,-4.331691,431.9,7.93
15320,36.752868,-4.331658,432.3,8.09
15325,36.752907,-4.331624,432.7,8.22
15330,36.752940,-4.331588,433.2,8.37
15335,36.752972,-4.331548,433.6,8.46
15340,36.753002,-4.331507,434.0,8.52
15345,36.753032,-4.331466,434.4,8.58
15350,36.753069,-4.331431,434.9,8.54
15355,36.753098,-4.331391,435.3,8.44
15360,36.753133,-4.331353,435.7,8.34
15365,36.753166,-4.331315,436.1,8.21
15370,36.753199,-4.331276,436.5,8.08
15375,36.753227,-4.331232,436.9,7.92
15380,36.753256,-4.331191,437.3,7.78
15385,36.753289,-4.331151,437.7,7.65
15390,36.753322,-4.331113,438.1,7.51
15395,36.753353,-4.331076,438.5,7.40
15400,36.753389,-4.331041,438.8,7.30
15405,36.753427,-4.331007,439.2,7.24
15410,36.753462,-4.330975,439.6,7.22
15415,36.753501,-4.330948,439.9,7.15
15420,36.753540,-4.330920,440.3,7.10
15425,36.753582,-4.330894,440.6,7.09
15430,36.753622,-4.330868,441.0,7.14
15435,36.753662,-4.330842,441.3,7.20
15440,36.753701,-4.330814,441.7,7.33
15445,36.753737,-4.330786,442.1,7.48
15450,36.753777,-4.330755,442.4,7.63
15455,36.753815,-4.330729,442.8,7.75
15460,36.753855,-4.330702,443.2,7.83
15465,36.753896,-4.330677,443.6,7.92
15470,36.753934,-4.330647,444.0,7.95
15475,36.753973,-4.330620,444.4,7.99
15480,36.754008,-4.330586,444.8,7.98
15485,36.754047,-4.330555,445.2,7.86
15490,36.754087,-4.330529,445.6,7.72
15495,36.754129,-4.330512,446.0,7.46
15500,36.754165,-4.330477,446.4,7.24
15505,36.754204,-4.330454,446.7,6.98
15510,36.754239,-4.330418,447.0,6.73
15515,36.754275,-4.330385,447.4,6.45
15520,36.754311,-4.330353,447.7,6.13
15525,36.754350,-4.330321,448.0,5.88
15530,36.754389,-4.330290,448.3,5.55
15535,36.754422,-4.330255,448.6,5.20
15540,36.754457,-4.330220,448.8,4.90
15545,36.754494,-4.330189,449.1,4.65
15550,36.754532,-4.330160,449.3,4.45
15555,36.754573,-4.330134,449.5,4.26
15560,36.754614,-4.330111,449.7,4.16
15565,36.754657,-4.330092,449.9,4.15
15570,36.754697,-4.330072,450.1,4.20
15575,36.754740,-4.330052,450.3,4.30
15580,36.754781,-4.330027,450.5,4.32
15585,36.754820,-4.330003,450.8,4.42
15590,36.754863,-4.329980,451.0,4.47
15595,36.754903,-4.329957,451.2,4.58
15600,36.754946,-4.329935,451.4,4.67
15605,36.754987,-4.329915,451.6,4.80
15610,36.755028,-4.329895,451.9,4.96
15615,36.755070,-4.329872,452.2,5.05
15620,36.755111,-4.329849,452.4,5.14
15625,36.755153,-4.329829,452.7,5.20
15630,36.755195,-4.329808,452.9,5.17
15635,36.755239,-4.329792,453.2,5.21
15640,36.755280,-4.329774,453.5,5.30
15645,36.755321,-4.329754,453.7,5.48
15650,36.755363,-4.329730,454.0,5.60
15655,36.755405,-4.329709,454.3,5.72
15660,36.755449,-4.329694,454.6,5.92
15665,36.755492,-4.329679,454.9,6.08
15670,36.755535,-4.329674,455.2,6.18
15675,36.755581,-4.329680,455.5,6.20
15680,36.755625,-4.329694,455.8,6.25
15685,36.755670,-4.329707,456.1,6.34
15690,36.755711,-4.329723,456.4,6.30
15695,36.755753,-4.329739,456.7,6.19
15700,36.755796,-4.329758,457.1,6.10
15705,36.755840,-4.329778,457.4,5.96
15710,36.755882,-4.329798,457.7,5.80
15715,36.755925,-4.329819,458.0,5.53
15720,36.755965,-4.329837,458.2,5.35
15725,36.756007,-4.329856,458.5,5.26
15730,36.756051,-4.329875,458.7,5.16
15735,36.756093,-4.329891,459.0,5.10
15740,36.756137,-4.329906,459.2,5.03
15745,36.756180,-4.329922,459.5,5.06
15750,36.756223,-4.329940,459.8,5.09
15755,36.756268,-4.329955,460.0,5.02
15760,36.756312,-4.329964,460.2,5.02
15765,36.756355,-4.329965,460.5,5.00
15770,36.756399,-4.329962,460.8,5.02
15775,36.756446,-4.329957,461.0,4.97
15780,36.756489,-4.329947,461.3,4.84
15785,36.756534,-4.329931,461.5,4.80
15790,36.756577,-4.329913,461.7,4.68
15795,36.756616,-4.329889,462.0,4.65
15800,36.756658,-4.329865,462.2,4.58
15805,36.756699,-4.329841,462.4,4.52
15810,36.756737,-4.329815,462.6,4.54
15815,36.756774,-4.329784,462.9,4.52
15820,36.756813,-4.329755,463.1,4.59
15825,36.756852,-4.329730,463.3,4.56
15830,36.756894,-4.329706,463.5,4.57
15835,36.756936,-4.329681,463.8,4.59
15840,36.756976,-4.329658,464.0,4.60
15845,36.757018,-4.329634,464.2,4.67
15850,36.757057,-4.329612,464.5,4.69
15855,36.757102,-4.329597,464.7,4.78
15860,36.757146,-4.329584,464.9,4.85
15865,36.757190,-4.329575,465.2,4.92
15870,36.757233,-4.329564,465.4,4.97
15875,36.757278,-4.329553,465.7,4.93
15880,36.757317,-4.329527,465.9,4.92
15885,36.757353,-4.329494,466.2,4.86
15890,36.757381,-4.329449,466.4,4.82
15895,36.757401,-4.329399,466.7,4.74
15900,36.757416,-4.329347,466.9,4.63
15905,36.757433,-4.329294,467.1,4.47
15910,36.757447,-4.329241,467.4,4.28
15915,36.757460,-4.329188,467.6,4.05
15920,36.757471,-4.329134,467.8,3.80
15925,36.757488,-4.329082,468.0,3.52
15930,36.757504,-4.329030,468.1,3.33
15935,36.757521,-4.328978,468.3,3.18
15940,36.757536,-4.328925,468.4,3.04
15945,36.757553,-4.328873,468.6,3.02
15950,36.757570,-4.328821,468.7,3.04
15955,36.757590,-4.328771,468.9,3.10
15960,36.757612,-4.328721,469.0,3.22
15965,36.757629,-4.328669,469.2,3.43
15970,36.757645,-4.328618,469.4,3.64
15975,36.757661,-4.328566,469.5,3.81
15980,36.757682,-4.328516,469.7,3.99
15985,36.757704,-4.328468,470.0,4.15
15990,36.757737,-4.328428,470.2,4.22
15995,36.757773,-4.328397,470.4,4.26
16000,36.757813,-4.328371,470.6,4.24
16005,36.757858,-4.328358,470.8,4.20
16010,36.757902,-4.328362,471.0,4.24
16015,36.757944,-4.328375,471.2,4.29
16020,36.757986,-4.328396,471.4,4.33
16025,36.758027,-4.328420,471.7,4.45
16030,36.758069,-4.328445,471.9,4.69
16035,36.758108,-4.328473,472.1,5.03
16040,36.758146,-4.328499,472.4,5.37
16045,36.758186,-4.328526,472.6,5.78
16050,36.758225,-4.328556,472.9,6.19
16055,36.758265,-4.328580,473.3,6.53
16060,36.758305,-4.328601,473.6,6.82
16065,36.758350,-4.328614,474.0,6.95
16070,36.758395,-4.328622,474.3,7.00
16075,36.758439,-4.328623,474.7,7.01
16080,36.758485,-4.328622,475.0,6.96
16085,36.758531,-4.328620,475.4,6.84
16090,36.758575,-4.328622,475.7,6.65
16095,36.758620,-4.328623,476.1,6.41
16100,36.758666,-4.328616,476.4,6.14
16105,36.758709,-4.328612,476.7,5.83
16110,36.758756,-4.328613,477.0,5.54
16115,36.758800,-4.328613,477.2,5.27
16120,36.758843,-4.328609,477.5,5.08
16125,36.758888,-4.328601,477.7,4.98
16130,36.758933,-4.328593,478.0,4.88
16135,36.758979,-4.328579,478.2,4.83
16140,36.759016,-4.328556,478.4,4.75
16145,36.759057,-4.328529,478.7,4.69
16150,36.759098,-4.328502,478.9,4.67
16155,36.759137,-4.328474,479.1,4.76
16160,36.759174,-4.328447,479.4,4.89
16165,36.759214,-4.328417,479.6,5.01
16170,36.759251,-4.328384,479.9,5.16
16175,36.759288,-4.328352,480.2,5.28
16180,36.759323,-4.328319,480.4,5.28
16185,36.759360,-4.328288,480.7,5.16
16190,36.759400,-4.328260,480.9,4.99
16195,36.759441,-4.328237,481.2,4.85
16200,36.759482,-4.328217,481.4,4.72
16205,36.759525,-4.328195,481.6,4.60
16210,36.759565,-4.328170,481.9,4.47
16215,36.759604,-4.328141,482.1,4.39
16220,36.759642,-4.328110,482.3,4.35
16225,36.759679,-4.328077,482.5,4.34
16230,36.759707,-4.328037,482.7,4.38
16235,36.759734,-4.327992,483.0,4.47
16240,36.759761,-4.327945,483.2,4.70
16245,36.759783,-4.327897,483.4,4.95
16250,36.759801,-4.327846,483.7,5.21
16255,36.759815,-4.327793,483.9,5.48
16260,36.759830,-4.327741,484.2,5.75
16265,36.759847,-4.327688,484.5,5.98
16270,36.759865,-4.327636,484.8,6.17
16275,36.759882,-4.327584,485.1,6.35
16280,36.759902,-4.327535,485.5,6.48
16285,36.759925,-4.327486,485.8,6.60
16290,36.759945,-4.327436,486.1,6.73
16295,36.759970,-4.327391,486.5,6.96
16300,36.760003,-4.327351,486.8,7.23
16305,36.760034,-4.327311,487.2,7.51
16310,36.760063,-4.327270,487.6,7.78
16315,36.760095,-4.327229,488.0,8.03
16320,36.760128,-4.327189,488.4,8.24
16325,36.760163,-4.327156,488.8,8.28
16330,36.760201,-4.327125,489.2,8.27
16335,36.760234,-4.327088,489.6,8.23
16340,36.760268,-4.327051,490.0,8.18
16345,36.760298,-4.327009,490.4,8.12
16350,36.760320,-4.326960,490.8,7.94
16355,36.760330,-4.326907,491.3,7.76
16360,36.760341,-4.326852,491.6,7.58
16365,36.760342,-4.326796,492.0,7.37
16370,36.760336,-4.326740,492.4,7.11
16375,36.760334,-4.326684,492.7,6.83
16380,36.760338,-4.326628,493.1,6.68
16385,36.760341,-4.326573,493.4,6.57
16390,36.760352,-4.326519,493.7,6.47
16395,36.760357,-4.326463,494.0,6.37
16400,36.760366,-4.326408,494.3,6.32
16405,36.760379,-4.326355,494.7,6.32
16410,36.760394,-4.326302,495.0,6.27
16415,36.760411,-4.326250,495.3,6.21
16420,36.760428,-4.326198,495.6,6.17
16425,36.760446,-4.326147,495.9,6.18
16430,36.760464,-4.326096,496.2,6.25
16435,36.760488,-4.326048,496.5,6.34
16440,36.760514,-4.326003,496.8,6.46
16445,36.760542,-4.325959,497.2,6.55
16450,36.760575,-4.325921,497.5,6.60
16455,36.760609,-4.325886,497.8,6.57
16460,36.760646,-4.325853,498.2,6.42
16465,36.760685,-4.325822,498.5,6.18
16470,36.760722,-4.325792,498.8,5.89
16475,36.760760,-4.325764,499.1,5.57
16480,36.760801,-4.325738,499.3,5.26
16485,36.760837,-4.325705,499.6,4.92
16490,36.760862,-4.325658,499.8,4.63
16495,36.760872,-4.325604,500.1,4.36
16500,36.760874,-4.325548,500.3,4.12
16505,36.760883,-4.325493,500.5,3.97
16510,36.760898,-4.325442,500.7,3.87
16515,36.760930,-4.325402,500.8,3.90
16520,36.760965,-4.325369,501.0,3.96
16525,36.761006,-4.325341,501.2,4.07
16530,36.761048,-4.325324,501.4,4.16
16535,36.761092,-4.325314,501.7,4.19
16540,36.761136,-4.325303,501.9,4.24
16545,36.761180,-4.325293,502.1,4.23
16550,36.761223,-4.325282,502.3,4.19
16555,36.761269,-4.325270,502.5,4.19
16560,36.761311,-4.325250,502.7,4.21
16565,36.761352,-4.325225,502.9,4.28
16570,36.761388,-4.325195,503.1,4.26
16575,36.761426,-4.325163,503.4,4.23
16580,36.761461,-4.325130,503.6,4.25
16585,36.761495,-4.325093,503.8,4.24
16590,36.761529,-4.325054,504.0,4.27
16595,36.761562,-4.325019,504.2,4.25
16600,36.761597,-4.324982,504.4,4.24
16605,36.761632,-4.324946,504.6,4.27
16610,36.761664,-4.324908,504.8,4.25
16615,36.761699,-4.324870,505.0,4.18
16620,36.761732,-4.324835,505.3,4.06
16625,36.761770,-4.324801,505.5,4.04
16630,36.761805,-4.324768,505.7,4.08
16635,36.761843,-4.324735,505.8,4.08
16640,36.761878,-4.324701,506.1,4.11
16645,36.761911,-4.324666,506.3,4.19
16650,36.761948,-4.324632,506.5,4.28
16655,36.761984,-4.324599,506.7,4.33
16660,36.762023,-4.324568,506.9,4.34
16665,36.762059,-4.324533,507.1,4.34
16670,36.762092,-4.324498,507.4,4.37
16675,36.762127,-4.324461,507.6,4.39
16680,36.762161,-4.324427,507.8,4.33
16685,36.762199,-4.324393,508.0,4.27
16690,36.762235,-4.324362,508.2,4.24
16695,36.762275,-4.324335,508.4,4.34
16700,36.762317,-4.324315,508.6,4.40
16705,36.762360,-4.324296,508.8,4.53
16710,36.762403,-4.324284,509.1,4.70
16715,36.762449,-4.324275,509.3,4.87
16720,36.762491,-4.324276,509.6,4.98
16725,36.762537,-4.324289,509.8,4.94
16730,36.762579,-4.324308,510.1,4.90
16735,36.762622,-4.324328,510.3,4.87
16740,36.762664,-4.324339,510.6,4.82
16745,36.762710,-4.324332,510.8,4.75
16750,36.762749,-4.324306,511.1,4.64
16755,36.762779,-4.324265,511.3,4.54
16760,36.762806,-4.324220,511.5,4.37
16765,36.762830,-4.324174,511.7,4.15
16770,36.762859,-4.324130,511.9,3.91
16775,36.762891,-4.324089,512.1,3.67
16780,36.762925,-4.324056,512.3,3.50
16785,36.762966,-4.324030,512.5,3.36
16790,36.763007,-4.324012,512.6,3.26
16795,36.763053,-4.324004,512.8,3.16
16800,36.763097,-4.324001,512.9,3.06
16805,36.763143,-4.323993,513.1,2.94
16810,36.763186,-4.323974,513.2,2.79
16815,36.763223,-4.323947,513.4,2.71
16820,36.763261,-4.323916,513.5,2.64
16825,36.763297,-4.323882,513.6,2.62
16830,36.763336,-4.323851,513.8,2.66
16835,36.763374,-4.323823,513.9,2.75
16840,36.763413,-4.323798,514.0,2.84
16845,36.763453,-4.323772,514.2,2.88
16850,36.763495,-4.323749,514.3,2.97
16855,36.763536,-4.323727,514.5,3.01
16860,36.763580,-4.323707,514.6,3.07
16865,36.763619,-4.323686,514.8,3.11
16870,36.763663,-4.323667,514.9,3.14
16875,36.763706,-4.323648,515.1,3.19
16880,36.763749,-4.323630,515.3,3.24
16885,36.763790,-4.323610,515.4,3.30
16890,36.763833,-4.323589,515.6,3.28
16895,36.763872,-4.323567,515.7,3.29
16900,36.763914,-4.323545,515.9,3.32
16905,36.763956,-4.323523,516.1,3.30
16910,36.763998,-4.323500,516.2,3.30
16915,36.764035,-4.323470,516.4,3.25
16920,36.764059,-4.323423,516.6,3.31
16925,36.764070,-4.323370,516.7,3.29
16930,36.764072,-4.323314,516.9,3.30
16935,36.764072,-4.323258,517.1,3.32
16940,36.764074,-4.323202,517.2,3.34
16945,36.764074,-4.323146,517.4,3.43
16950,36.764067,-4.323091,517.6,3.50
16955,36.764058,-4.323036,517.7,3.62
16960,36.764068,-4.322981,517.9,3.77
16965,36.764072,-4.322925,518.1,3.93
16970,36.764073,-4.322869,518.3,4.07
16975,36.764079,-4.322814,518.5,4.16
16980,36.764073,-4.322758,518.7,4.30
16985,36.764066,-4.322703,519.0,4.41
16990,36.764061,-4.322648,519.2,4.49
16995,36.764058,-4.322592,519.4,4.56
17000,36.764062,-4.322536,519.6,4.63
17005,36.764063,-4.322480,519.9,4.69
17010,36.764059,-4.322424,520.1,4.68
17015,36.764057,-4.322368,520.4,4.66
17020,36.764057,-4.322312,520.6,4.65
17025,36.764049,-4.322257,520.8,4.64
17030,36.764041,-4.322202,521.0,4.63
17035,36.764037,-4.322146,521.3,4.64
17040,36.764031,-4.322091,521.5,4.65
17045,36.764019,-4.322037,521.7,4.68
17050,36.764002,-4.321984,522.0,4.73
17055,36.763989,-4.321931,522.2,4.77
17060,36.763975,-4.321878,522.5,4.83
17065,36.763956,-4.321827,522.7,4.89
17070,36.763937,-4.321776,522.9,4.89
17075,36.763915,-4.321727,523.2,4.87
17080,36.763896,-4.321677,523.4,4.78
17085,36.763880,-4.321625,523.7,4.65
17090,36.763860,-4.321574,523.9,4.44
17095,36.763843,-4.321524,524.1,4.14
17100,36.763822,-4.321473,524.3,3.81
17105,36.763805,-4.321422,524.5,3.43
17110,36.763787,-4.321369,524.7,3.07
17115,36.763773,-4.321317,524.8,2.66
17120,36.763759,-4.321263,524.9,2.24
17125,36.763744,-4.321210,525.1,1.88
17130,36.763731,-4.321157,525.1,1.54
17135,36.763717,-4.321103,525.2,1.24
17140,36.763705,-4.321049,525.2,0.99
17145,36.763691,-4.320995,525.3,0.83
17150,36.763682,-4.320941,525.3,0.71
17155,36.763681,-4.320885,525.3,0.59
17160,36.763688,-4.320831,525.4,0.56
17165,36.763706,-4.320781,525.4,0.46
17170,36.763738,-4.320739,525.4,0.30
17175,36.763775,-4.320708,525.5,0.08
17180,36.763816,-4.320690,525.5,-0.12
17185,36.763860,-4.320690,525.4,-0.32
17190,36.763905,-4.320703,525.4,-0.61
17195,36.763947,-4.320723,525.4,-0.90
17200,36.763988,-4.320743,525.3,-1.19
17205,36.764031,-4.320762,525.3,-1.49
17210,36.764071,-4.320785,525.2,-1.81
17215,36.764111,-4.320809,525.1,-2.21
17220,36.764152,-4.320834,525.0,-2.56
17225,36.764193,-4.320859,524.8,-2.85
17230,36.764233,-4.320883,524.7,-3.11
17235,36.764275,-4.320906,524.5,-3.40
17240,36.764316,-4.320925,524.3,-3.70
17245,36.764360,-4.320943,524.1,-3.93
17250,36.764403,-4.320961,523.9,-4.21
17255,36.764445,-4.320978,523.7,-4.48
17260,36.764488,-4.320994,523.5,-4.73
17265,36.764532,-4.321007,523.2,-4.95
17270,36.764576,-4.321016,523.0,-5.15
17275,36.764621,-4.321021,522.7,-5.34
17280,36.764667,-4.321019,522.5,-5.48
17285,36.764711,-4.321012,522.2,-5.59
17290,36.764755,-4.321004,521.9,-5.71
17295,36.764801,-4.320999,521.6,-5.81
17300,36.764846,-4.320997,521.3,-5.82
17305,36.764890,-4.320998,521.0,-5.81
17310,36.764936,-4.321002,520.7,-5.86
17315,36.764981,-4.321007,520.4,-5.90
17320,36.765026,-4.321013,520.1,-5.89
17325,36.765070,-4.321018,519.8,-5.85
17330,36.765115,-4.321023,519.5,-5.86
17335,36.765161,-4.321028,519.2,-5.82
17340,36.765206,-4.321031,519.0,-5.72
17345,36.765250,-4.321035,518.7,-5.64
17350,36.765295,-4.321037,518.4,-5.54
17355,36.765338,-4.321036,518.1,-5.45
17360,36.765383,-4.321034,517.8,-5.36
17365,36.765428,-4.321031,517.6,-5.26
17370,36.765473,-4.321028,517.3,-5.17
17375,36.765518,-4.321030,517.1,-5.09
17380,36.765563,-4.321033,516.8,-5.06
17385,36.765608,-4.321038,516.6,-5.04
17390,36.765652,-4.321047,516.3,-5.07
17395,36.765697,-4.321058,516.1,-5.17
17400,36.765742,-4.321072,515.8,-5.22
17405,36.765785,-4.321087,515.5,-5.25
17410,36.765827,-4.321103,515.3,-5.29
17415,36.765870,-4.321118,515.0,-5.36
17420,36.765916,-4.321132,514.7,-5.40
17425,36.765960,-4.321141,514.5,-5.39
17430,36.766004,-4.321145,514.2,-5.47
17435,36.766047,-4.321140,513.9,-5.57
17440,36.766093,-4.321128,513.6,-5.65
17445,36.766137,-4.321115,513.4,-5.68
17450,36.766181,-4.321101,513.1,-5.70
17455,36.766224,-4.321086,512.8,-5.80
17460,36.766267,-4.321074,512.5,-5.92
17465,36.766311,-4.321065,512.2,-6.01
17470,36.766356,-4.321065,511.9,-6.07
17475,36.766400,-4.321071,511.6,-6.14
17480,36.766444,-4.321089,511.3,-6.28
17485,36.766483,-4.321116,511.0,-6.35
17490,36.766520,-4.321147,510.7,-6.37
17495,36.766555,-4.321183,510.3,-6.42
17500,36.766588,-4.321221,510.0,-6.53
17505,36.766619,-4.321260,509.7,-6.64
17510,36.766650,-4.321300,509.3,-6.70
17515,36.766682,-4.321339,509.0,-6.76
17520,36.766718,-4.321371,508.7,-6.84
17525,36.766759,-4.321387,508.3,-6.90
17530,36.766805,-4.321386,508.0,-6.95
17535,36.766848,-4.321371,507.6,-6.94
17540,36.766890,-4.321351,507.3,-6.91
17545,36.766930,-4.321325,506.9,-6.89
17550,36.766966,-4.321293,506.6,-6.89
17555,36.767000,-4.321258,506.2,-6.87
17560,36.767035,-4.321221,505.9,-6.83
17565,36.767068,-4.321183,505.6,-6.79
17570,36.767099,-4.321141,505.2,-6.75
17575,36.767123,-4.321096,504.9,-6.74
17580,36.767145,-4.321047,504.5,-6.73
17585,36.767163,-4.320996,504.2,-6.74
17590,36.767176,-4.320943,503.9,-6.76
17595,36.767188,-4.320889,503.5,-6.87
17600,36.767201,-4.320834,503.2,-7.15
17605,36.767215,-4.320781,502.8,-7.36
17610,36.767228,-4.320728,502.5,-7.53
17615,36.767241,-4.320675,502.1,-7.66
17620,36.767262,-4.320626,501.7,-7.82
17625,36.767291,-4.320582,501.3,-7.94
17630,36.767320,-4.320539,500.9,-7.89
17635,36.767350,-4.320497,500.5,-7.90
17640,36.767454,-4.320431,500.1,-7.91
17645,36.767510,-4.320437,499.7,-7.95
17650,36.767552,-4.320457,499.3,-7.91
17655,36.767593,-4.320483,498.9,-7.71
17660,36.767629,-4.320515,498.5,-7.48
17665,36.767666,-4.320546,498.1,-7.26
17670,36.767703,-4.320578,497.8,-7.11
17675,36.767741,-4.320610,497.5,-6.97
17680,36.767779,-4.320642,497.1,-6.89
17685,36.767816,-4.320675,496.8,-6.92
17690,36.767853,-4.320707,496.4,-6.95
17695,36.767889,-4.320739,496.1,-6.96
17700,36.767925,-4.320771,495.7,-6.93
17705,36.767961,-4.320804,495.4,-6.90
17710,36.767997,-4.320839,495.0,-6.81
17715,36.768028,-4.320881,494.7,-6.75
17720,36.768053,-4.320927,494.3,-6.69
17725,36.768074,-4.320976,494.0,-6.55
17730,36.768095,-4.321026,493.7,-6.37
17735,36.768118,-4.321073,493.4,-6.16
17740,36.768145,-4.321117,493.1,-6.01
17745,36.768173,-4.321160,492.8,-5.87
17750,36.768212,-4.321187,492.5,-5.75
17755,36.768256,-4.321196,492.2,-5.72
17760,36.768301,-4.321193,491.9,-5.67
17765,36.768342,-4.321178,491.6,-5.69
17770,36.768378,-4.321145,491.4,-5.74
17775,36.768411,-4.321108,491.1,-5.81
17780,36.768444,-4.321070,490.8,-5.94
17785,36.768479,-4.321035,490.5,-6.11
17790,36.768513,-4.320997,490.2,-6.35
17795,36.768545,-4.320958,489.9,-6.55
17800,36.768578,-4.320920,489.5,-6.72
17805,36.768613,-4.320885,489.2,-6.85
17810,36.768650,-4.320854,488.8,-6.95
17815,36.768691,-4.320829,488.5,-7.04
17820,36.768734,-4.320807,488.1,-7.14
17825,36.768777,-4.320795,487.8,-7.30
17830,36.768821,-4.320783,487.4,-7.52
17835,36.768866,-4.320775,487.0,-7.76
17840,36.768911,-4.320769,486.6,-8.01
17845,36.768955,-4.320765,486.2,-8.26
17850,36.768999,-4.320762,485.8,-8.51
17855,36.769044,-4.320761,485.4,-8.72
17860,36.769089,-4.320761,484.9,-8.89
17865,36.769135,-4.320764,484.5,-9.05
17870,36.769180,-4.320771,484.0,-9.18
17875,36.769224,-4.320781,483.6,-9.25
17880,36.769268,-4.320793,483.1,-9.22
17885,36.769311,-4.320806,482.6,-9.10
17890,36.769354,-4.320823,482.2,-8.90
17895,36.769398,-4.320842,481.7,-8.60
17900,36.769438,-4.320864,481.3,-8.16
17905,36.769479,-4.320886,480.9,-7.67
17910,36.769522,-4.320905,480.5,-7.18
17915,36.769565,-4.320924,480.2,-6.66
17920,36.769609,-4.320934,479.9,-6.10
17925,36.769653,-4.320941,479.6,-5.56
17930,36.769697,-4.320942,479.3,-5.08
17935,36.769741,-4.320940,479.1,-4.63
17940,36.769786,-4.320936,478.8,-4.19
17945,36.769831,-4.320932,478.7,-3.82
17950,36.769876,-4.320928,478.5,-3.52
17955,36.769921,-4.320927,478.3,-3.31
17960,36.769967,-4.320926,478.1,-3.14
17965,36.770013,-4.320926,478.0,-2.95
17970,36.770058,-4.320928,477.8,-2.79
17975,36.770103,-4.320932,477.7,-2.64
17980,36.770147,-4.320939,477.6,-2.46
17985,36.770190,-4.320946,477.5,-2.22
17990,36.770235,-4.320955,477.4,-1.94
17995,36.770280,-4.320962,477.3,-1.67
18000,36.770325,-4.320966,477.2,-1.40
18005,36.770371,-4.320965,477.1,-1.13
18010,36.770415,-4.320961,477.1,-0.83
18015,36.770458,-4.320947,477.0,-0.52
18020,36.770497,-4.320923,477.0,-0.21
18025,36.770525,-4.320881,477.0,0.06
18030,36.770552,-4.320837,477.0,0.30
18035,36.770575,-4.320791,477.1,0.51
18040,36.770589,-4.320738,477.1,0.77
18045,36.770609,-4.320687,477.1,0.96
18050,36.770635,-4.320641,477.2,1.09
18055,36.770668,-4.320604,477.2,1.17
18060,36.770703,-4.320573,477.3,1.23
18065,36.770744,-4.320550,477.4,1.20
18070,36.770786,-4.320530,477.5,1.02
18075,36.770830,-4.320513,477.5,0.78
18080,36.770699,-4.320576,477.5,0.54
18085,36.770657,-4.320609,477.5,0.40
18090,36.770622,-4.320648,477.6,0.26
18095,36.770598,-4.320695,477.6,0.01
18100,36.770580,-4.320745,477.6,-0.27
18105,36.770562,-4.320796,477.6,-0.52
18110,36.770543,-4.320846,477.5,-0.78
18115,36.770518,-4.320893,477.5,-1.08
18120,36.770479,-4.320924,477.4,-1.30
18125,36.770436,-4.320940,477.3,-1.32
18130,36.770392,-4.320949,477.2,-1.28
18135,36.770346,-4.320947,477.2,-1.17
18140,36.770301,-4.320945,477.1,-1.10
18145,36.770257,-4.320946,477.1,-0.94
18150,36.770214,-4.320953,477.0,-0.69
18155,36.770169,-4.320960,477.0,-0.35
18160,36.770123,-4.320963,477.0,0.08
18165,36.770077,-4.320962,477.0,0.56
18170,36.770033,-4.320959,477.0,1.10
18175,36.769990,-4.320958,477.1,1.58
18180,36.769943,-4.320960,477.2,1.94
18185,36.769899,-4.320962,477.3,2.26
18190,36.769852,-4.320964,477.4,2.52
18195,36.769809,-4.320966,477.6,2.71
18200,36.769762,-4.320970,477.7,2.87
18205,36.769719,-4.320970,477.9,3.03
18210,36.769672,-4.320969,478.0,3.21
18215,36.769627,-4.320967,478.2,3.37
18220,36.769582,-4.320965,478.3,3.56
18225,36.769537,-4.320962,478.5,3.86
18230,36.769494,-4.320950,478.7,4.33
18235,36.769453,-4.320931,478.9,4.91
18240,36.769411,-4.320911,479.2,5.58
18245,36.769367,-4.320892,479.5,6.32
18250,36.769324,-4.320870,479.8,7.16
18255,36.769284,-4.320847,480.2,7.97
18260,36.769242,-4.320829,480.6,8.72
18265,36.769200,-4.320814,481.1,9.39
18270,36.769155,-4.320807,481.6,9.99
18275,36.769109,-4.320798,482.1,10.49
18280,36.769065,-4.320796,482.6,10.82
18285,36.769019,-4.320798,483.2,10.96
18290,36.768974,-4.320797,483.8,10.92
18295,36.768929,-4.320802,484.3,10.76
18300,36.768886,-4.320806,484.9,10.45
18305,36.768842,-4.320811,485.4,10.05
18310,36.768794,-4.320817,485.9,9.53
18315,36.768753,-4.320825,486.3,9.02
18320,36.768709,-4.320842,486.8,8.54
18325,36.768665,-4.320859,487.2,8.08
18330,36.768628,-4.320888,487.6,7.64
18335,36.768593,-4.320926,487.9,7.24
18340,36.768559,-4.320962,488.3,6.94
18345,36.768526,-4.321000,488.6,6.70
18350,36.768492,-4.321037,488.9,6.49
18355,36.768457,-4.321072,489.3,6.26
18360,36.768425,-4.321110,489.6,6.03
18365,36.768397,-4.321155,489.9,5.89
18370,36.768364,-4.321194,490.2,5.71
18375,36.768327,-4.321224,490.4,5.55
18380,36.768287,-4.321254,490.7,5.39
18385,36.768245,-4.321270,491.0,5.29
18390,36.768202,-4.321265,491.2,5.27
18395,36.768159,-4.321243,491.5,5.13
18400,36.768124,-4.321209,491.8,5.12
18405,36.768098,-4.321164,492.0,5.10
18410,36.768076,-4.321116,492.3,5.10
18415,36.768057,-4.321066,492.5,5.19
18420,36.768038,-4.321014,492.8,5.22
18425,36.768015,-4.320967,493.0,5.38
18430,36.767984,-4.320924,493.3,5.52
18435,36.767954,-4.320885,493.6,5.71
18440,36.767916,-4.320851,493.9,5.95
18445,36.767877,-4.320824,494.2,6.15
18450,36.767841,-4.320793,494.5,6.47
18455,36.767805,-4.320759,494.8,6.81
18460,36.767768,-4.320726,495.2,7.15
18465,36.767734,-4.320693,495.5,7.52
18470,36.767697,-4.320659,495.9,7.91
18475,36.767661,-4.320625,496.3,8.34
18480,36.767624,-4.320592,496.7,8.73
18485,36.767585,-4.320564,497.2,9.04
18490,36.767544,-4.320539,497.7,9.30
18495,36.767504,-4.320521,498.1,9.52
18500,36.767456,-4.320514,498.6,9.68
18505,36.767414,-4.320522,499.1,9.75
18510,36.767371,-4.320545,499.6,9.71
18515,36.767337,-4.320578,500.1,9.63
18520,36.767311,-4.320622,500.6,9.58
18525,36.767284,-4.320668,501.1,9.43
18530,36.767261,-4.320718,501.5,9.26
18535,36.767245,-4.320769,502.0,9.06
18540,36.767231,-4.320822,502.4,8.91
18545,36.767214,-4.320875,502.9,8.72
18550,36.767198,-4.320927,503.3,8.45
18555,36.767184,-4.320980,503.7,8.21
18560,36.767166,-4.321031,504.1,7.93
18565,36.767150,-4.321083,504.5,7.68
18570,36.767124,-4.321130,504.9,7.46
18575,36.767098,-4.321175,505.3,7.21
18580,36.767068,-4.321214,505.6,7.00
18585,36.767031,-4.321248,506.0,6.81
18590,36.766996,-4.321282,506.3,6.62
18595,36.766958,-4.321315,506.6,6.41
18600,36.766922,-4.321345,506.9,6.23
18605,36.766882,-4.321376,507.2,6.20
18610,36.766844,-4.321404,507.5,6.14
18615,36.766800,-4.321417,507.8,6.15
18620,36.766756,-4.321426,508.2,6.22
18625,36.766713,-4.321415,508.5,6.34
18630,36.766674,-4.321389,508.8,6.47
18635,36.766638,-4.321354,509.1,6.55
18640,36.766605,-4.321317,509.4,6.65
18645,36.766573,-4.321278,509.8,6.72
18650,36.766541,-4.321238,510.1,6.88
18655,36.766506,-4.321204,510.5,6.99
18660,36.766467,-4.321176,510.8,7.03
18665,36.766425,-4.321150,511.2,7.13
18670,36.766383,-4.321134,511.5,7.22
18675,36.766339,-4.321126,511.9,7.28
18680,36.766295,-4.321128,512.3,7.19
18685,36.766250,-4.321141,512.6,7.13
18690,36.766206,-4.321155,513.0,7.08
18695,36.766163,-4.321169,513.3,7.00
18700,36.766119,-4.321182,513.7,6.95
18705,36.766076,-4.321194,514.0,6.83
18710,36.766032,-4.321208,514.4,6.78
18715,36.765987,-4.321210,514.7,6.71
18720,36.765940,-4.321204,515.0,6.58
18725,36.765898,-4.321193,515.4,6.45
18730,36.765854,-4.321177,515.7,6.26
18735,36.765813,-4.321156,516.0,6.13
18740,36.765770,-4.321133,516.3,5.96
18745,36.765728,-4.321115,516.6,5.78
18750,36.765685,-4.321098,516.9,5.61
18755,36.765642,-4.321082,517.1,5.43
18760,36.765598,-4.321076,517.4,5.26
18765,36.765552,-4.321072,517.7,5.06
18770,36.765508,-4.321070,517.9,4.84
18775,36.765465,-4.321070,518.2,4.68
18780,36.765420,-4.321075,518.4,4.51
18785,36.765374,-4.321081,518.6,4.40
18790,36.765330,-4.321090,518.8,4.35
18795,36.765284,-4.321092,519.0,4.29
18800,36.765239,-4.321092,519.2,4.33
18805,36.765194,-4.321092,519.5,4.36
18810,36.765149,-4.321092,519.7,4.48
18815,36.765103,-4.321089,519.9,4.61
18820,36.765058,-4.321085,520.1,4.77
18825,36.765014,-4.321082,520.4,5.02
18830,36.764971,-4.321073,520.6,5.30
18835,36.764925,-4.321060,520.9,5.58
18840,36.764880,-4.321059,521.2,5.85
18845,36.764835,-4.321060,521.5,6.10
18850,36.764791,-4.321054,521.8,6.39
18855,36.764747,-4.321059,522.1,6.59
18860,36.764703,-4.321071,522.5,6.73
18865,36.764657,-4.321080,522.8,6.79
18870,36.764613,-4.321089,523.2,6.84
18875,36.764569,-4.321092,523.5,6.81
18880,36.764525,-4.321091,523.8,6.68
18885,36.764480,-4.321083,524.2,6.48
18890,36.764435,-4.321070,524.5,6.23
18895,36.764392,-4.321053,524.8,5.99
18900,36.764349,-4.321032,525.1,5.71
18905,36.764311,-4.321006,525.4,5.46
18910,36.764271,-4.320980,525.6,5.21
18915,36.764227,-4.320961,525.9,5.06
18920,36.764186,-4.320942,526.1,4.87
18925,36.764145,-4.320922,526.4,4.60
18930,36.764105,-4.320896,526.6,4.24
18935,36.764063,-4.320872,526.8,3.83
18940,36.764022,-4.320847,527.0,3.38
18945,36.763981,-4.320824,527.2,2.86
18950,36.763942,-4.320799,527.3,2.35
18955,36.763900,-4.320780,527.4,1.76
18960,36.763857,-4.320765,527.5,1.21
18965,36.763813,-4.320767,527.5,0.64
18970,36.763774,-4.320793,527.5,0.09
18975,36.763746,-4.320837,527.5,-0.32
18980,36.763735,-4.320890,527.5,-0.50
18985,36.763730,-4.320946,527.4,-0.42
18990,36.763729,-4.321002,527.4,-0.24
18995,36.763741,-4.321056,527.4,0.03
19000,36.763751,-4.321110,527.4,0.35
19005,36.763770,-4.321162,527.5,0.57
19010,36.763786,-4.321214,527.5,0.65
19015,36.763796,-4.321268,527.5,0.57
19020,36.763811,-4.321321,527.5,0.44
19025,36.763830,-4.321371,527.6,0.19
19030,36.763848,-4.321423,527.6,-0.20
19035,36.763865,-4.321476,527.6,-0.74
19040,36.763880,-4.321528,527.5,-1.42
19045,36.763898,-4.321579,527.5,-2.13
19050,36.763918,-4.321630,527.3,-2.83
19055,36.763936,-4.321681,527.2,-3.45
19060,36.763952,-4.321733,526.9,-3.99
19065,36.763969,-4.321785,526.7,-4.35
19070,36.763985,-4.321837,526.5,-4.59
19075,36.764000,-4.321890,526.3,-4.72
19080,36.764016,-4.321942,526.0,-4.79
19085,36.764029,-4.321996,525.8,-4.81
19090,36.764040,-4.322050,525.5,-4.82
19095,36.764047,-4.322106,525.3,-4.79
19100,36.764053,-4.322161,525.1,-4.74
19105,36.764057,-4.322217,524.8,-4.71
19110,36.764062,-4.322273,524.6,-4.70
19115,36.764065,-4.322329,524.4,-4.66
19120,36.764068,-4.322384,524.1,-4.58
19125,36.764070,-4.322440,523.9,-4.55
19130,36.764072,-4.322496,523.7,-4.54
19135,36.764074,-4.322552,523.4,-4.53
19140,36.764076,-4.322608,523.2,-4.53
19145,36.764076,-4.322664,523.0,-4.54
19150,36.764077,-4.322720,522.8,-4.55
19155,36.764078,-4.322776,522.5,-4.50
19160,36.764080,-4.322832,522.3,-4.41
19165,36.764078,-4.322888,522.1,-4.32
19170,36.764076,-4.322944,521.9,-4.24
19175,36.764078,-4.323000,521.7,-4.16
19180,36.764080,-4.323056,521.5,-4.08
19185,36.764082,-4.323112,521.3,-4.05
19190,36.764083,-4.323168,521.1,-4.06
19195,36.764082,-4.323224,520.9,-4.07
19200,36.764077,-4.323279,520.7,-4.07
19205,36.764066,-4.323334,520.4,-4.04
19210,36.764049,-4.323385,520.2,-4.01
19215,36.764023,-4.323430,520.0,-3.93
19220,36.763994,-4.323473,519.8,-3.77
19225,36.763961,-4.323510,519.7,-3.59
19230,36.763926,-4.323542,519.5,-3.39
19235,36.763886,-4.323569,519.3,-3.19
19240,36.763845,-4.323593,519.2,-2.98
19245,36.763803,-4.323615,519.0,-2.81
19250,36.763760,-4.323634,518.9,-2.70
19255,36.763718,-4.323651,518.8,-2.65
19260,36.763676,-4.323668,518.6,-2.65
19265,36.763633,-4.323687,518.5,-2.71
19270,36.763591,-4.323706,518.4,-2.85
19275,36.763549,-4.323728,518.2,-3.03
19280,36.763508,-4.323750,518.1,-3.20
19285,36.763469,-4.323777,517.9,-3.37
19290,36.763430,-4.323805,517.7,-3.52
19295,36.763393,-4.323837,517.5,-3.63
19300,36.763356,-4.323872,517.4,-3.72
19305,36.763317,-4.323900,517.2,-3.76
19310,36.763277,-4.323923,517.0,-3.78
19315,36.763236,-4.323947,516.8,-3.79
19320,36.763193,-4.323965,516.6,-3.82
19325,36.763151,-4.323984,516.4,-3.86
19330,36.763109,-4.324007,516.2,-3.91
19335,36.763068,-4.324029,516.0,-3.99
19340,36.763027,-4.324049,515.8,-4.09
19345,36.762987,-4.324071,515.6,-4.17
19350,36.762948,-4.324099,515.4,-4.22
19355,36.762909,-4.324127,515.2,-4.23
19360,36.762871,-4.324157,515.0,-4.20
19365,36.762833,-4.324186,514.8,-4.17
19370,36.762800,-4.324224,514.6,-4.16
19375,36.762771,-4.324268,514.4,-4.17
19380,36.762738,-4.324305,514.1,-4.21
19385,36.762700,-4.324333,513.9,-4.28
19390,36.762655,-4.324341,513.7,-4.36
19395,36.762609,-4.324345,513.5,-4.48
19400,36.762564,-4.324342,513.3,-4.64
19405,36.762519,-4.324341,513.0,-4.78
19410,36.762475,-4.324341,512.8,-4.89
19415,36.762430,-4.324348,512.5,-5.00
19420,36.762385,-4.324358,512.3,-5.11
19425,36.762342,-4.324375,512.0,-5.17
19430,36.762299,-4.324393,511.8,-5.15
19435,36.762260,-4.324418,511.5,-5.10
19440,36.762221,-4.324445,511.3,-5.08
19445,36.762183,-4.324475,511.0,-5.07
19450,36.762145,-4.324505,510.8,-5.02
19455,36.762109,-4.324537,510.5,-4.93
19460,36.762073,-4.324571,510.3,-4.86
19465,36.762036,-4.324606,510.0,-4.81
19470,36.762000,-4.324640,509.8,-4.72
19475,36.761965,-4.324673,509.5,-4.60
19480,36.761930,-4.324708,509.3,-4.51
19485,36.761895,-4.324742,509.1,-4.44
19490,36.761859,-4.324776,508.9,-4.35
19495,36.761824,-4.324809,508.7,-4.20
19500,36.761788,-4.324844,508.4,-4.03
19505,36.761751,-4.324878,508.2,-3.86
19510,36.761718,-4.324915,508.1,-3.71
19515,36.761686,-4.324953,507.9,-3.59
19520,36.761652,-4.324990,507.7,-3.53
19525,36.761618,-4.325027,507.5,-3.52
19530,36.761583,-4.325063,507.4,-3.55
19535,36.761549,-4.325099,507.2,-3.58
19540,36.761512,-4.325132,507.0,-3.61
19545,36.761473,-4.325163,506.8,-3.64
19550,36.761434,-4.325192,506.6,-3.67
19555,36.761393,-4.325215,506.5,-3.72
19560,36.761352,-4.325238,506.3,-3.78
19565,36.761310,-4.325255,506.1,-3.84
19570,36.761267,-4.325272,505.9,-3.88
19575,36.761223,-4.325285,505.7,-3.89
19580,36.761179,-4.325297,505.5,-3.87
19585,36.761135,-4.325312,505.3,-3.85
19590,36.761094,-4.325330,505.1,-3.83
19595,36.761054,-4.325353,504.9,-3.81
19600,36.761018,-4.325385,504.7,-3.82
19605,36.760983,-4.325421,504.5,-3.86
19610,36.760955,-4.325464,504.3,-3.91
19615,36.760927,-4.325509,504.1,-3.98
19620,36.760903,-4.325556,503.9,-4.07
19625,36.760877,-4.325602,503.7,-4.17
19630,36.760847,-4.325644,503.5,-4.30
19635,36.760815,-4.325685,503.3,-4.48
19640,36.760781,-4.325720,503.1,-4.67
19645,36.760746,-4.325756,502.9,-4.85
19650,36.760712,-4.325790,502.6,-5.02
19655,36.760677,-4.325825,502.3,-5.22
19660,36.760643,-4.325863,502.1,-5.41
19665,36.760608,-4.325901,501.8,-5.56
19670,36.760579,-4.325943,501.5,-5.71
19675,36.760552,-4.325987,501.2,-5.85
19680,36.760526,-4.326032,500.9,-5.99
19685,36.760500,-4.326079,500.6,-6.09
19690,36.760475,-4.326127,500.3,-6.14
19695,36.760458,-4.326178,500.0,-6.20
19700,36.760441,-4.326229,499.7,-6.26
19705,36.760427,-4.326282,499.4,-6.32
19710,36.760416,-4.326337,499.1,-6.36
19715,36.760406,-4.326391,498.8,-6.40
19720,36.760400,-4.326447,498.4,-6.44
19725,36.760394,-4.326502,498.1,-6.48
19730,36.760388,-4.326558,497.8,-6.48
19735,36.760381,-4.326613,497.5,-6.50
19740,36.760374,-4.326669,497.1,-6.56
19745,36.760371,-4.326724,496.8,-6.65
19750,36.760370,-4.326780,496.5,-6.74
19755,36.760368,-4.326836,496.1,-6.85
19760,36.760358,-4.326891,495.8,-6.97
19765,36.760348,-4.326945,495.4,-7.08
19770,36.760337,-4.326999,495.1,-7.19
19775,36.760313,-4.327048,494.7,-7.30
19780,36.760290,-4.327096,494.4,-7.41
19785,36.760259,-4.327137,494.0,-7.52
19790,36.760225,-4.327173,493.6,-7.59
19795,36.760190,-4.327209,493.2,-7.61
19800,36.760158,-4.327248,492.8,-7.59
19805,36.760127,-4.327288,492.4,-7.56
19810,36.760097,-4.327330,492.1,-7.51
19815,36.760070,-4.327374,491.7,-7.44
19820,36.760044,-4.327419,491.3,-7.39
19825,36.760020,-4.327466,491.0,-7.35
19830,36.759996,-4.327514,490.6,-7.31
19835,36.759972,-4.327562,490.2,-7.28
19840,36.759951,-4.327612,489.9,-7.24
19845,36.759930,-4.327662,489.5,-7.19
19850,36.759910,-4.327711,489.1,-7.14
19855,36.759892,-4.327763,488.8,-7.07
19860,36.759874,-4.327814,488.4,-6.98
19865,36.759855,-4.327865,488.1,-6.87
19870,36.759835,-4.327914,487.7,-6.75
19875,36.759815,-4.327964,487.4,-6.62
19880,36.759788,-4.328008,487.1,-6.48
19885,36.759757,-4.328049,486.8,-6.32
19890,36.759725,-4.328089,486.4,-6.16
19895,36.759690,-4.328124,486.1,-5.99
19900,36.759653,-4.328158,485.8,-5.85
19905,36.759617,-4.328191,485.6,-5.73
19910,36.759578,-4.328220,485.3,-5.63
19915,36.759539,-4.328250,485.0,-5.53
19920,36.759500,-4.328278,484.7,-5.45
19925,36.759461,-4.328303,484.5,-5.38
19930,36.759422,-4.328328,484.2,-5.31
19935,36.759382,-4.328353,483.9,-5.26
19940,36.759341,-4.328379,483.7,-5.22
19945,36.759300,-4.328405,483.4,-5.18
19950,36.759260,-4.328431,483.1,-5.16
19955,36.759221,-4.328460,482.9,-5.13
19960,36.759182,-4.328488,482.6,-5.07
19965,36.759142,-4.328513,482.4,-5.01
19970,36.759103,-4.328538,482.1,-4.96
19975,36.759063,-4.328562,481.9,-4.92
19980,36.759022,-4.328583,481.6,-4.88
19985,36.758979,-4.328604,481.4,-4.83
19990,36.758937,-4.328622,481.2,-4.78
19995,36.758893,-4.328633,480.9,-4.72
20000,36.758849,-4.328645,480.7,-4.65
20005,36.758804,-4.328653,480.5,-4.58
20010,36.758759,-4.328659,480.2,-4.53
20015,36.758714,-4.328664,480.0,-4.53
20020,36.758669,-4.328666,479.8,-4.55
20025,36.758624,-4.328668,479.6,-4.58
20030,36.758579,-4.328670,479.3,-4.62
20035,36.758534,-4.328671,479.1,-4.66
20040,36.758488,-4.328671,478.9,-4.69
20045,36.758443,-4.328671,478.6,-4.71
20050,36.758398,-4.328671,478.4,-4.71
20055,36.758354,-4.328671,478.1,-4.71
20060,36.758309,-4.328663,477.9,-4.73
20065,36.758266,-4.328650,477.7,-4.75
20070,36.758222,-4.328637,477.4,-4.73
20075,36.758181,-4.328614,477.2,-4.70
20080,36.758140,-4.328591,477.0,-4.68
20085,36.758100,-4.328565,476.7,-4.66
20090,36.758061,-4.328537,476.5,-4.65
20095,36.758022,-4.328509,476.3,-4.69
20100,36.757982,-4.328483,476.0,-4.77
20105,36.757943,-4.328457,475.8,-4.87
20110,36.757900,-4.328437,475.6,-4.99
20115,36.757856,-4.328421,475.3,-5.09
20120,36.757811,-4.328413,475.0,-5.14
20125,36.757768,-4.328414,474.8,-5.15
20130,36.757729,-4.328437,474.5,-5.13
20135,36.757708,-4.328486,474.3,-5.10
20140,36.757688,-4.328536,474.0,-5.05
20145,36.757673,-4.328588,473.8,-4.98
20150,36.757657,-4.328641,473.5,-4.89
20155,36.757643,-4.328694,473.3,-4.76
20160,36.757626,-4.328746,473.0,-4.66
20165,36.757609,-4.328798,472.8,-4.57
20170,36.757591,-4.328849,472.6,-4.49
20175,36.757574,-4.328901,472.4,-4.44
20180,36.757558,-4.328954,472.1,-4.47
20185,36.757543,-4.329007,471.9,-4.56
20190,36.757529,-4.329060,471.7,-4.66
20195,36.757516,-4.329114,471.5,-4.76
20200,36.757503,-4.329167,471.2,-4.89
20205,36.757489,-4.329221,471.0,-5.05
20210,36.757474,-4.329273,470.7,-5.19
20215,36.757457,-4.329324,470.4,-5.30
20220,36.757434,-4.329373,470.2,-5.41
20225,36.757410,-4.329421,469.9,-5.54
20230,36.757384,-4.329466,469.6,-5.66
20235,36.757355,-4.329509,469.3,-5.75
20240,36.757320,-4.329542,469.0,-5.81
20245,36.757284,-4.329574,468.7,-5.86
20250,36.757242,-4.329595,468.5,-5.88
20255,36.757201,-4.329617,468.2,-5.85
20260,36.757158,-4.329635,467.9,-5.79
20265,36.757115,-4.329653,467.6,-5.72
20270,36.757073,-4.329673,467.3,-5.62
20275,36.757030,-4.329695,467.0,-5.48
20280,36.756989,-4.329716,466.7,-5.30
20285,36.756948,-4.329737,466.5,-5.08
20290,36.756908,-4.329759,466.2,-4.85
20295,36.756868,-4.329786,466.0,-4.65
20300,36.756829,-4.329813,465.8,-4.47
20305,36.756788,-4.329838,465.6,-4.32
20310,36.756746,-4.329861,465.3,-4.19
20315,36.756704,-4.329885,465.1,-4.10
20320,36.756664,-4.329909,464.9,-4.04
20325,36.756624,-4.329934,464.7,-4.00
20330,36.756581,-4.329951,464.5,-3.97
20335,36.756537,-4.329968,464.3,-3.98
20340,36.756493,-4.329983,464.1,-4.04
20345,36.756449,-4.329996,463.9,-4.11
20350,36.756405,-4.330008,463.7,-4.16
20355,36.756362,-4.330010,463.5,-4.20
20360,36.756318,-4.330011,463.3,-4.26
20365,36.756273,-4.330008,463.1,-4.30
20370,36.756226,-4.330002,462.9,-4.29
20375,36.756181,-4.329994,462.7,-4.26
20380,36.756137,-4.329981,462.4,-4.24
20385,36.756093,-4.329968,462.2,-4.23
20390,36.756051,-4.329952,462.0,-4.24
20395,36.756009,-4.329935,461.8,-4.26
20400,36.755967,-4.329917,461.6,-4.32
20405,36.755926,-4.329893,461.4,-4.41
20410,36.755885,-4.329869,461.2,-4.48
20415,36.755844,-4.329847,460.9,-4.51
20420,36.755803,-4.329824,460.7,-4.53
20425,36.755761,-4.329803,460.5,-4.57
20430,36.755718,-4.329785,460.3,-4.61
20435,36.755674,-4.329768,460.0,-4.66
20440,36.755632,-4.329749,459.8,-4.75
20445,36.755590,-4.329730,459.6,-4.89
20450,36.755545,-4.329721,459.3,-5.02
20455,36.755500,-4.329713,459.1,-5.12
20460,36.755455,-4.329711,458.8,-5.21
20465,36.755413,-4.329726,458.5,-5.31
20470,36.755370,-4.329741,458.3,-5.44
20475,36.755330,-4.329766,458.0,-5.58
20480,36.755289,-4.329791,457.7,-5.71
20485,36.755250,-4.329817,457.4,-5.81
20490,36.755210,-4.329841,457.1,-5.90
20495,36.755168,-4.329863,456.8,-5.92
20500,36.755127,-4.329885,456.5,-5.86
20505,36.755086,-4.329909,456.2,-5.72
20510,36.755045,-4.329932,455.9,-5.54
20515,36.755004,-4.329952,455.7,-5.35
20520,36.754962,-4.329974,455.4,-5.13
20525,36.754920,-4.329998,455.1,-4.90
20530,36.754879,-4.330022,454.9,-4.69
20535,36.754838,-4.330046,454.7,-4.51
20540,36.754798,-4.330071,454.5,-4.34
20545,36.754757,-4.330095,454.3,-4.17
20550,36.754716,-4.330119,454.0,-4.02
20555,36.754675,-4.330140,453.8,-3.92
20560,36.754632,-4.330159,453.7,-3.86
20565,36.754591,-4.330180,453.5,-3.80
20570,36.754550,-4.330205,453.3,-3.79
20575,36.754509,-4.330229,453.1,-3.86
20580,36.754472,-4.330261,452.9,-3.96
20585,36.754435,-4.330293,452.7,-4.08
20590,36.754399,-4.330327,452.5,-4.19
20595,36.754364,-4.330362,452.3,-4.37
20600,36.754328,-4.330396,452.1,-4.60
20605,36.754293,-4.330430,451.8,-4.85
20610,36.754257,-4.330462,451.6,-5.11
20615,36.754219,-4.330494,451.3,-5.41
20620,36.754181,-4.330524,451.0,-5.76
20625,36.754143,-4.330554,450.8,-6.10
20630,36.754104,-4.330583,450.4,-6.42
20635,36.754064,-4.330608,450.1,-6.74
20640,36.754024,-4.330634,449.8,-7.08
20645,36.753986,-4.330662,449.4,-7.40
20650,36.753948,-4.330689,449.0,-7.71
20655,36.753909,-4.330716,448.6,-7.97
20660,36.753869,-4.330743,448.2,-8.17
20665,36.753827,-4.330767,447.8,-8.32
20670,36.753785,-4.330790,447.4,-8.42
20675,36.753745,-4.330810,447.0,-8.48
20680,36.753704,-4.330833,446.5,-8.49
20685,36.753666,-4.330862,446.1,-8.48
20690,36.753627,-4.330891,445.7,-8.49
20695,36.753589,-4.330921,445.3,-8.49
20700,36.753551,-4.330951,444.8,-8.46
20705,36.753513,-4.330983,444.4,-8.42
20710,36.753476,-4.331016,444.0,-8.41
20715,36.753441,-4.331051,443.6,-8.41
20720,36.753408,-4.331087,443.2,-8.42
20725,36.753376,-4.331126,442.7,-8.45
20730,36.753345,-4.331167,442.3,-8.49
20735,36.753315,-4.331209,441.9,-8.52
20740,36.753286,-4.331252,441.4,-8.50
20745,36.753257,-4.331295,441.0,-8.41
20750,36.753226,-4.331337,440.6,-8.29
20755,36.753196,-4.331380,440.2,-8.18
20760,36.753166,-4.331420,439.8,-8.10
20765,36.753136,-4.331461,439.4,-8.01
20770,36.753102,-4.331498,439.0,-7.93
20775,36.753067,-4.331534,438.6,-7.87
20780,36.753032,-4.331569,438.2,-7.82
20785,36.752997,-4.331604,437.8,-7.75
20790,36.752962,-4.331639,437.4,-7.68
20795,36.752927,-4.331673,437.0,-7.64
20800,36.752891,-4.331707,436.7,-7.63
20805,36.752851,-4.331733,436.3,-7.64
20810,36.752810,-4.331758,435.9,-7.65
20815,36.752770,-4.331783,435.5,-7.63
20820,36.752730,-4.331808,435.1,-7.60
20825,36.752689,-4.331829,434.8,-7.54
20830,36.752647,-4.331848,434.4,-7.47
20835,36.752603,-4.331863,434.0,-7.38
20840,36.752558,-4.331874,433.6,-7.31
20845,36.752513,-4.331882,433.3,-7.24
20850,36.752467,-4.331884,432.9,-7.17
20855,36.752422,-4.331885,432.6,-7.09
20860,36.752377,-4.331883,432.2,-7.01
20865,36.752332,-4.331882,431.9,-6.92
20870,36.752287,-4.331880,431.5,-6.83
20875,36.752242,-4.331878,431.2,-6.74
20880,36.752198,-4.331875,430.8,-6.68
20885,36.752154,-4.331873,430.5,-6.65
20890,36.752110,-4.331870,430.2,-6.62
20895,36.752065,-4.331867,429.9,-6.59
20900,36.752019,-4.331865,429.5,-6.58
20905,36.751974,-4.331863,429.2,-6.58
20910,36.751929,-4.331861,428.9,-6.59
20915,36.751884,-4.331860,428.5,-6.59
20920,36.751839,-4.331862,428.2,-6.63
20925,36.751794,-4.331864,427.9,-6.68
20930,36.751748,-4.331865,427.5,-6.76
20935,36.751702,-4.331866,427.2,-6.81
20940,36.751657,-4.331869,426.9,-6.84
20945,36.751614,-4.331878,426.5,-6.86
20950,36.751571,-4.331888,426.2,-6.88
20955,36.751526,-4.331902,425.8,-6.89
20960,36.751482,-4.331917,425.5,-6.89
20965,36.751439,-4.331935,425.1,-6.90
20970,36.751396,-4.331954,424.8,-6.92
20975,36.751354,-4.331973,424.4,-6.93
20980,36.751313,-4.331994,424.1,-6.93
20985,36.751273,-4.332015,423.7,-6.93
20990,36.751232,-4.332041,423.4,-6.94
20995,36.751192,-4.332067,423.1,-6.95
21000,36.751150,-4.332088,422.7,-6.96
21005,36.751108,-4.332108,422.4,-7.00
21010,36.751067,-4.332132,422.0,-7.05
21015,36.751028,-4.332161,421.7,-7.10
21020,36.750989,-4.332189,421.3,-7.14
21025,36.750950,-4.332214,420.9,-7.15
21030,36.750911,-4.332238,420.6,-7.14
21035,36.750865,-4.332253,420.2,-7.11
21040,36.750820,-4.332264,419.9,-7.08
21045,36.750777,-4.332269,419.5,-7.02
21050,36.750733,-4.332274,419.2,-6.94
21055,36.750688,-4.332279,418.8,-6.88
21060,36.750643,-4.332285,418.5,-6.84
21065,36.750597,-4.332292,418.1,-6.80
21070,36.750552,-4.332300,417.8,-6.78
21075,36.750507,-4.332307,417.5,-6.79
21080,36.750463,-4.332313,417.1,-6.84
21085,36.750419,-4.332317,416.8,-6.95
21090,36.750375,-4.332320,416.4,-7.06
21095,36.750329,-4.332326,416.1,-7.18
21100,36.750284,-4.332333,415.7,-7.31
21105,36.750238,-4.332340,415.3,-7.49
21110,36.750193,-4.332348,415.0,-7.67
21115,36.750151,-4.332362,414.6,-7.79
21120,36.750110,-4.332380,414.2,-7.85
21125,36.750074,-4.332413,413.8,-7.86
21130,36.750042,-4.332452,413.4,-7.77
21135,36.750016,-4.332499,413.0,-7.62
21140,36.750005,-4.332554,412.6,-7.45
21145,36.750002,-4.332609,412.3,-7.25
21150,36.750010,-4.332663,411.9,-7.12
21155,36.750033,-4.332709,411.6,-7.01
21160,36.750070,-4.332738,411.2,-6.96
21165,36.750116,-4.332738,410.9,-6.86
21170,36.750159,-4.332729,410.5,-6.77
21175,36.750201,-4.332711,410.2,-6.78
21180,36.750242,-4.332687,409.8,-6.81
21185,36.750283,-4.332663,409.5,-6.90
21190,36.750323,-4.332640,409.2,-6.97
21195,36.750363,-4.332614,408.8,-7.03
21200,36.750403,-4.332587,408.4,-7.04
21205,36.750442,-4.332557,408.1,-6.91
21210,36.750482,-4.332528,407.7,-6.69
21215,36.750521,-4.332500,407.4,-6.39
21220,36.750562,-4.332478,407.1,-6.11
21225,36.750604,-4.332461,406.8,-5.83
21230,36.750647,-4.332448,406.5,-5.55
21235,36.750693,-4.332441,406.3,-5.26
21240,36.750738,-4.332437,406.0,-4.97
21245,36.750783,-4.332435,405.7,-4.72
21250,36.750827,-4.332434,405.5,-4.47
21255,36.750872,-4.332432,405.3,-4.28
21260,36.750918,-4.332429,405.1,-4.14
21265,36.750963,-4.332429,404.9,-4.05
21270,36.751008,-4.332428,404.7,-4.00
21275,36.751052,-4.332427,404.5,-3.96
21280,36.751096,-4.332426,404.3,-3.91
21285,36.751141,-4.332422,404.1,-3.85
21290,36.751187,-4.332418,403.9,-3.81
21295,36.751233,-4.332415,403.7,-3.83
21300,36.751278,-4.332411,403.5,-3.86
21305,36.751324,-4.332407,403.4,-3.88
21310,36.751368,-4.332403,403.2,-3.87
21315,36.751412,-4.332399,403.0,-3.89
21320,36.751457,-4.332394,402.8,-3.90
21325,36.751502,-4.332389,402.6,-3.90
21330,36.751546,-4.332383,402.4,-3.89
21335,36.751590,-4.332378,402.2,-3.92
21340,36.751635,-4.332374,402.0,-3.98
21345,36.751680,-4.332370,401.8,-4.04
21350,36.751726,-4.332364,401.6,-4.09
21355,36.751771,-4.332361,401.4,-4.15
21360,36.751815,-4.332357,401.2,-4.23
21365,36.751860,-4.332354,401.0,-4.34
21370,36.751905,-4.332350,400.7,-4.48
21375,36.751949,-4.332348,400.5,-4.64
21380,36.751994,-4.332348,400.3,-4.83
21385,36.752039,-4.332354,400.0,-5.02
21390,36.752084,-4.332369,399.8,-5.22
21395,36.752126,-4.332391,399.5,-5.40
21400,36.752163,-4.332421,399.2,-5.57
21405,36.752194,-4.332460,399.0,-5.73
21410,36.752216,-4.332506,398.7,-5.89
21415,36.752220,-4.332562,398.4,-6.04
21420,36.752199,-4.332611,398.1,-6.18
21425,36.752167,-4.332645,397.7,-6.31
21430,36.752127,-4.332667,397.4,-6.41
21435,36.752082,-4.332681,397.1,-6.49
21440,36.752037,-4.332689,396.8,-6.53
21445,36.751993,-4.332693,396.4,-6.53
21450,36.751948,-4.332695,396.1,-6.48
21455,36.751904,-4.332697,395.8,-6.38
21460,36.751858,-4.332700,395.5,-6.26
21465,36.751812,-4.332705,395.2,-6.12
21470,36.751768,-4.332710,394.9,-5.97
21475,36.751724,-4.332715,394.6,-5.81
21480,36.751679,-4.332721,394.3,-5.68
21485,36.751634,-4.332727,394.0,-5.58
21490,36.751590,-4.332732,393.7,-5.50
21495,36.751545,-4.332738,393.4,-5.45
21500,36.751500,-4.332746,393.2,-5.44
21505,36.751456,-4.332755,392.9,-5.46
21510,36.751411,-4.332763,392.6,-5.51
21515,36.751367,-4.332771,392.4,-5.57
21520,36.751322,-4.332779,392.1,-5.62
21525,36.751277,-4.332786,391.8,-5.65
21530,36.751232,-4.332796,391.5,-5.66
21535,36.751187,-4.332807,391.2,-5.64
21540,36.751144,-4.332821,390.9,-5.63
21545,36.751102,-4.332836,390.7,-5.60
21550,36.751059,-4.332852,390.4,-5.55
21555,36.751016,-4.332871,390.1,-5.49
21560,36.750973,-4.332890,389.8,-5.43
21565,36.750930,-4.332910,389.6,-5.36
21570,36.750888,-4.332930,389.3,-5.28
21575,36.750847,-4.332952,389.0,-5.22
21580,36.750807,-4.332974,388.8,-5.20
21585,36.750766,-4.332998,388.5,-5.25
21590,36.750725,-4.333023,388.3,-5.32
21595,36.750685,-4.333048,388.0,-5.36
21600,36.750647,-4.333078,387.7,-5.37
21605,36.750610,-4.333107,387.4,-5.38
21610,36.750574,-4.333140,387.2,-5.35
21615,36.750540,-4.333177,386.9,-5.24
21620,36.750508,-4.333215,386.7,-5.08
21625,36.750479,-4.333260,386.4,-4.96
21630,36.750451,-4.333304,386.2,-4.89
21635,36.750424,-4.333349,385.9,-4.86
21640,36.750398,-4.333394,385.7,-4.84
21645,36.750369,-4.333438,385.4,-4.89
21650,36.750338,-4.333478,385.2,-5.03
21655,36.750302,-4.333509,384.9,-5.25
21660,36.750265,-4.333540,384.7,-5.47
21665,36.750228,-4.333573,384.4,-5.65
21670,36.750190,-4.333603,384.1,-5.90
21675,36.750152,-4.333633,383.8,-6.19
21680,36.750114,-4.333663,383.5,-6.47
21685,36.750078,-4.333696,383.2,-6.70
21690,36.750043,-4.333731,382.8,-6.91
21695,36.750009,-4.333767,382.5,-7.07
21700,36.749975,-4.333806,382.1,-7.10
21705,36.749942,-4.333846,381.7,-7.01
21710,36.749911,-4.333885,381.4,-6.80
21715,36.749879,-4.333923,381.0,-6.55
21720,36.749844,-4.333957,380.7,-6.34
21725,36.749802,-4.333980,380.4,-6.16
21730,36.749758,-4.333993,380.1,-6.02
21735,36.749713,-4.333987,379.8,-5.91
21740,36.749672,-4.333971,379.5,-5.85
21745,36.749632,-4.333950,379.2,-5.80
21750,36.749594,-4.333918,379.0,-5.75
21755,36.749556,-4.333885,378.7,-5.74
21760,36.749522,-4.333849,378.4,-5.78
21765,36.749488,-4.333813,378.1,-5.88
21770,36.749454,-4.333776,377.8,-6.03
21775,36.749421,-4.333738,377.5,-6.14
21780,36.749392,-4.333696,377.2,-6.20
21785,36.749363,-4.333654,376.9,-6.20
21790,36.749331,-4.333613,376.5,-6.16
21795,36.749298,-4.333573,376.2,-6.08
21800,36.749279,-4.333523,376.0,-5.97
21805,36.749260,-4.333473,375.7,-5.91
21810,36.749246,-4.333420,375.4,-5.92
21815,36.749236,-4.333365,375.1,-5.96
21820,36.749227,-4.333310,374.8,-6.00
21825,36.749222,-4.333255,374.5,-6.04
21830,36.749222,-4.333199,374.2,-6.13
21835,36.749219,-4.333143,373.9,-6.26
21840,36.749213,-4.333088,373.6,-6.38
21845,36.749208,-4.333032,373.2,-6.48
21850,36.749202,-4.332977,372.9,-6.59
21855,36.749198,-4.332921,372.6,-6.70
21860,36.749196,-4.332865,372.2,-6.73
21865,36.749195,-4.332809,371.9,-6.66
21870,36.749193,-4.332753,371.5,-6.58
21875,36.749191,-4.332697,371.2,-6.53
21880,36.749191,-4.332642,370.9,-6.49
21885,36.749191,-4.332586,370.6,-6.42
21890,36.749191,-4.332530,370.3,-6.36
21895,36.749191,-4.332474,369.9,-6.37
21900,36.749189,-4.332418,369.6,-6.42
21905,36.749186,-4.332362,369.3,-6.43
21910,36.749180,-4.332306,369.0,-6.41
21915,36.749171,-4.332252,368.7,-6.46
21920,36.749163,-4.332197,368.3,-6.57
21925,36.749156,-4.332141,368.0,-6.66
21930,36.749150,-4.332086,367.7,-6.72
21935,36.749149,-4.332030,367.3,-6.78
21940,36.749149,-4.331974,367.0,-6.86
21945,36.749151,-4.331918,366.6,-6.94
21950,36.749153,-4.331862,366.3,-6.99
21955,36.749155,-4.331806,366.0,-7.01
21960,36.749157,-4.331751,365.6,-7.04
21965,36.749159,-4.331694,365.2,-7.10
21970,36.749161,-4.331638,364.9,-7.15
21975,36.749162,-4.331582,364.5,-7.16
21980,36.749164,-4.331527,364.2,-7.17
21985,36.749158,-4.331471,363.8,-7.17
21990,36.749150,-4.331416,363.4,-7.17
21995,36.749140,-4.331362,363.1,-7.17
22000,36.749126,-4.331309,362.7,-7.21
22005,36.749101,-4.331263,362.4,-7.24
22010,36.749071,-4.331223,362.0,-7.26
22015,36.749035,-4.331189,361.6,-7.30
22020,36.748999,-4.331156,361.3,-7.35
22025,36.748961,-4.331126,360.9,-7.37
22030,36.748919,-4.331104,360.5,-7.34
22035,36.748879,-4.331082,360.2,-7.32
22040,36.748839,-4.331059,359.8,-7.35
22045,36.748795,-4.331045,359.4,-7.45
22050,36.748750,-4.331037,359.1,-7.53
22055,36.748705,-4.331040,358.7,-7.59
22060,36.748660,-4.331047,358.3,-7.65
22065,36.748617,-4.331061,357.9,-7.72
22070,36.748575,-4.331078,357.5,-7.72
22075,36.748537,-4.331109,357.1,-7.64
22080,36.748505,-4.331148,356.8,-7.57
22085,36.748480,-4.331194,356.4,-7.56
22090,36.748455,-4.331240,356.0,-7.57
22095,36.748431,-4.331287,355.6,-7.57
22100,36.748402,-4.331331,355.3,-7.50
22105,36.748372,-4.331373,354.9,-7.43
22110,36.748340,-4.331410,354.5,-7.36
22115,36.748302,-4.331441,354.1,-7.25
22120,36.748261,-4.331468,353.8,-7.10
22125,36.748219,-4.331479,353.4,-6.95
22130,36.748175,-4.331479,353.1,-6.87
22135,36.748130,-4.331464,352.7,-6.79
22140,36.748101,-4.331421,352.4,-6.65
22145,36.748081,-4.331373,352.1,-6.48
22150,36.748071,-4.331319,351.8,-6.27
22155,36.748072,-4.331263,351.4,-6.07
22160,36.748074,-4.331207,351.1,-5.86
22165,36.748074,-4.331151,350.9,-5.63
22170,36.748072,-4.331095,350.6,-5.47
22175,36.748070,-4.331039,350.3,-5.36
22180,36.748064,-4.330984,350.1,-5.31
22185,36.748057,-4.330929,349.8,-5.25
22190,36.748046,-4.330875,349.5,-5.20
22195,36.748034,-4.330821,349.3,-5.19
22200,36.748019,-4.330768,349.0,-5.19
22205,36.748003,-4.330715,348.8,-5.22
22210,36.747986,-4.330663,348.5,-5.25
22215,36.747968,-4.330611,348.2,-5.33
22220,36.747950,-4.330560,348.0,-5.45
22225,36.747932,-4.330509,347.7,-5.56
22230,36.747906,-4.330467,347.4,-5.65
22235,36.747867,-4.330439,347.1,-5.73
22240,36.747822,-4.330427,346.8,-5.85
22245,36.747777,-4.330421,346.6,-5.99
22250,36.747731,-4.330423,346.3,-6.16
22255,36.747687,-4.330432,345.9,-6.33
22260,36.747643,-4.330444,345.6,-6.48
22265,36.747601,-4.330463,345.3,-6.63
22270,36.747560,-4.330483,344.9,-6.75
22275,36.747519,-4.330506,344.6,-6.84
22280,36.747477,-4.330529,344.3,-6.91
22285,36.747434,-4.330544,343.9,-6.97
22290,36.747391,-4.330558,343.6,-7.01
22295,36.747347,-4.330569,343.2,-7.03
22300,36.747302,-4.330581,342.9,-7.02
22305,36.747258,-4.330569,342.5,-7.00
22310,36.747214,-4.330556,342.2,-7.00
22315,36.747176,-4.330528,341.8,-7.04
22320,36.747138,-4.330500,341.5,-7.13
22325,36.747104,-4.330462,341.1,-7.23
22330,36.747071,-4.330424,340.7,-7.34
22335,36.747028,-4.330412,340.4,-7.43
22340,36.746983,-4.330408,340.0,-7.51
22345,36.746938,-4.330407,339.6,-7.61
22350,36.746893,-4.330408,339.2,-7.72
22355,36.746850,-4.330423,338.9,-7.83
22360,36.746806,-4.330439,338.5,-7.95
22365,36.746765,-4.330459,338.0,-8.07
22370,36.746724,-4.330479,337.6,-8.16
22375,36.746684,-4.330507,337.2,-8.16
22380,36.746644,-4.330535,336.8,-8.11
22385,36.746605,-4.330561,336.4,-8.04
22390,36.746566,-4.330586,336.0,-7.97
22395,36.746522,-4.330600,335.6,-7.89
22400,36.746477,-4.330611,335.2,-7.79
22405,36.746433,-4.330612,334.8,-7.69
22410,36.746388,-4.330609,334.4,-7.56
22415,36.746343,-4.330600,334.1,-7.41
22420,36.746298,-4.330589,333.7,-7.28
22425,36.746255,-4.330572,333.3,-7.14
22430,36.746212,-4.330556,333.0,-7.05
22435,36.746168,-4.330544,332.7,-7.06
22440,36.746124,-4.330531,332.3,-7.15
22445,36.746080,-4.330519,331.9,-7.27
22450,36.746036,-4.330507,331.6,-7.40
22455,36.745993,-4.330505,331.2,-7.56
22460,36.745949,-4.330510,330.8,-7.75
22465,36.745904,-4.330516,330.4,-7.92
22470,36.745858,-4.330523,330.0,-8.04
22475,36.745815,-4.330534,329.6,-8.09
22480,36.745770,-4.330544,329.2,-8.12
22485,36.745725,-4.330551,328.8,-8.11
22490,36.745680,-4.330542,328.4,-8.00
22495,36.745641,-4.330518,328.0,-7.80
22500,36.745610,-4.330480,327.6,-7.63
22505,36.745594,-4.330427,327.2,-7.50
22510,36.745588,-4.330372,326.9,-7.32
22515,36.745585,-4.330316,326.5,-7.15
22520,36.745580,-4.330261,326.1,-7.04
22525,36.745571,-4.330206,325.8,-6.99
22530,36.745556,-4.330154,325.5,-6.95
22535,36.745531,-4.330108,325.1,-6.91
22540,36.745491,-4.330085,324.8,-6.88
22545,36.745448,-4.330074,324.4,-6.84
22550,36.745403,-4.330072,324.1,-6.78
22555,36.745357,-4.330077,323.7,-6.66
22560,36.745312,-4.330076,323.4,-6.52
22565,36.745267,-4.330072,323.1,-6.39
22570,36.745225,-4.330052,322.8,-6.25
22575,36.745188,-4.330024,322.5,-6.08
22580,36.745160,-4.329982,322.2,-5.89
22585,36.745137,-4.329934,321.9,-5.70
22590,36.745116,-4.329884,321.6,-5.50
22595,36.745101,-4.329831,321.3,-5.32
22600,36.745089,-4.329777,321.1,-5.21
22605,36.745079,-4.329722,320.8,-5.18
22610,36.745070,-4.329668,320.6,-5.20
22615,36.745062,-4.329613,320.3,-5.27
22620,36.745054,-4.329558,320.0,-5.38
22625,36.745036,-4.329506,319.8,-5.51
22630,36.745016,-4.329456,319.5,-5.65
22635,36.744987,-4.329414,319.2,-5.79
22640,36.744956,-4.329375,318.9,-5.99
22645,36.744918,-4.329343,318.6,-6.24
22650,36.744880,-4.329312,318.3,-6.50
22655,36.744843,-4.329282,318.0,-6.68
22660,36.744804,-4.329253,317.6,-6.82
22665,36.744762,-4.329233,317.3,-6.96
22670,36.744719,-4.329222,316.9,-7.02
22675,36.744674,-4.329224,316.6,-7.00
22680,36.744632,-4.329247,316.2,-6.90
22685,36.744594,-4.329276,315.9,-6.84
22690,36.744559,-4.329309,315.5,-6.81
22695,36.744518,-4.329335,315.2,-6.71
22700,36.744476,-4.329352,314.8,-6.59
22705,36.744431,-4.329356,314.5,-6.48
22710,36.744387,-4.329347,314.2,-6.46
22715,36.744344,-4.329332,313.9,-6.46
22720,36.744305,-4.329307,313.6,-6.43
22725,36.744265,-4.329279,313.2,-6.46
22730,36.744225,-4.329256,312.9,-6.54
22735,36.744182,-4.329240,312.6,-6.67
22740,36.744137,-4.329233,312.3,-6.69
22745,36.744093,-4.329234,311.9,-6.65
22750,36.744048,-4.329243,311.6,-6.62
22755,36.744011,-4.329273,311.2,-6.58
22760,36.743972,-4.329303,310.9,-6.47
22765,36.743933,-4.329332,310.6,-6.30
22770,36.743893,-4.329360,310.3,-6.16
22775,36.743853,-4.329386,310.0,-6.05
22780,36.743813,-4.329412,309.7,-5.88
22785,36.743774,-4.329439,309.4,-5.66
22790,36.743735,-4.329468,309.1,-5.48
22795,36.743696,-4.329497,308.8,-5.35
22800,36.743658,-4.329526,308.6,-5.27
22805,36.743619,-4.329554,308.3,-5.19
22810,36.743581,-4.329580,308.1,-5.14
22815,36.743541,-4.329607,307.8,-5.15
22820,36.743500,-4.329632,307.5,-5.19
22825,36.743459,-4.329658,307.3,-5.21
22830,36.743420,-4.329684,307.0,-5.20
22835,36.743381,-4.329711,306.8,-5.21
22840,36.743341,-4.329738,306.5,-5.25
22845,36.743302,-4.329766,306.2,-5.29
22850,36.743265,-4.329799,306.0,-5.32
22855,36.743229,-4.329833,305.7,-5.39
22860,36.743196,-4.329871,305.4,-5.48
22865,36.743165,-4.329910,305.2,-5.57
22870,36.743136,-4.329952,304.9,-5.66
22875,36.743108,-4.329996,304.6,-5.78
22880,36.743078,-4.330038,304.3,-5.87
22885,36.743048,-4.330080,304.0,-5.95
22890,36.743013,-4.330114,303.7,-6.03
22895,36.742976,-4.330145,303.4,-6.14
22900,36.742932,-4.330155,303.1,-6.25
22905,36.742888,-4.330147,302.8,-6.31
22910,36.742848,-4.330123,302.5,-6.38
22915,36.742814,-4.330085,302.1,-6.48
22920,36.742783,-4.330046,301.8,-6.58
22925,36.742752,-4.330008,301.5,-6.68
22930,36.742713,-4.329979,301.2,-6.78
22935,36.742670,-4.329961,300.8,-6.89
22940,36.742626,-4.329953,300.5,-7.02
22945,36.742579,-4.329956,300.1,-7.13
22950,36.742543,-4.329988,299.8,-7.19
22955,36.742512,-4.330026,299.4,-7.20
22960,36.742488,-4.330073,299.0,-7.20
22965,36.742470,-4.330124,298.7,-7.18
22970,36.742453,-4.330176,298.3,-7.14
22975,36.742437,-4.330229,297.9,-7.08
22980,36.742421,-4.330281,297.6,-7.01
22985,36.742405,-4.330334,297.2,-6.95
22990,36.742390,-4.330386,296.9,-6.88
22995,36.742376,-4.330439,296.6,-6.84
23000,36.742363,-4.330493,296.2,-6.82
23005,36.742355,-4.330548,295.9,-6.80
23010,36.742347,-4.330603,295.5,-6.81
23015,36.742340,-4.330658,295.2,-6.86
23020,36.742340,-4.330715,294.9,-6.88
23025,36.742340,-4.330771,294.5,-6.88
23030,36.742340,-4.330826,294.2,-6.88
23035,36.742341,-4.330882,293.8,-6.87
23040,36.742344,-4.330938,293.5,-6.85
23045,36.742342,-4.330994,293.1,-6.81
23050,36.742336,-4.331049,292.8,-6.77
23055,36.742325,-4.331104,292.5,-6.71
23060,36.742300,-4.331150,292.1,-6.66
23065,36.742269,-4.331190,291.8,-6.64
23070,36.742232,-4.331221,291.5,-6.59
23075,36.742188,-4.331229,291.1,-6.58
23080,36.742144,-4.331225,290.8,-6.64
23085,36.742100,-4.331207,290.5,-6.70
23090,36.742065,-4.331176,290.1,-6.77
23095,36.742029,-4.331143,289.8,-6.82
23100,36.741995,-4.331106,289.5,-6.89
23105,36.741961,-4.331070,289.1,-6.93
23110,36.741927,-4.331033,288.8,-6.95
23115,36.741893,-4.330997,288.4,-6.99
23120,36.741858,-4.330961,288.1,-7.04
23125,36.741817,-4.330936,287.7,-7.12
23130,36.741776,-4.330911,287.4,-7.19
23135,36.741736,-4.330889,287.0,-7.20
23140,36.741696,-4.330863,286.6,-7.20
23145,36.741656,-4.330835,286.3,-7.21
23150,36.741622,-4.330798,285.9,-7.20
23155,36.741591,-4.330757,285.5,-7.18
23160,36.741568,-4.330710,285.2,-7.19
23165,36.741545,-4.330662,284.8,-7.24
23170,36.741526,-4.330612,284.5,-7.32
23175,36.741506,-4.330562,284.1,-7.39
23180,36.741483,-4.330512,283.7,-7.42
23185,36.741456,-4.330469,283.4,-7.42
23190,36.741425,-4.330429,283.0,-7.43
23195,36.741383,-4.330406,282.6,-7.44
23200,36.741340,-4.330393,282.2,-7.42
23205,36.741296,-4.330395,281.9,-7.38
23210,36.741252,-4.330407,281.5,-7.35
23215,36.741208,-4.330423,281.1,-7.32
23220,36.741166,-4.330446,280.8,-7.25
23225,36.741126,-4.330470,280.4,-7.13
23230,36.741089,-4.330500,280.0,-6.99
23235,36.741052,-4.330529,279.7,-6.86
23240,36.741014,-4.330558,279.4,-6.75
23245,36.740975,-4.330586,279.0,-6.64
23250,36.740936,-4.330615,278.7,-6.53
23255,36.740896,-4.330645,278.4,-6.45
23260,36.740857,-4.330675,278.1,-6.45
23265,36.740821,-4.330708,277.7,-6.50
23270,36.740785,-4.330741,277.4,-6.56
23275,36.740749,-4.330774,277.1,-6.67
23280,36.740712,-4.330806,276.8,-6.85
23285,36.740675,-4.330839,276.4,-7.08
23290,36.740644,-4.330878,276.1,-7.30
23295,36.740614,-4.330919,275.7,-7.50
23300,36.740593,-4.330967,275.3,-7.70
23305,36.740576,-4.331019,274.9,-7.89
23310,36.740567,-4.331074,274.5,-8.04
23315,36.740561,-4.331130,274.1,-8.12
23320,36.740559,-4.331185,273.7,-8.15
23325,36.740557,-4.331241,273.3,-8.18
23330,36.740555,-4.331298,272.9,-8.16
23335,36.740553,-4.331353,272.5,-8.08
23340,36.740551,-4.331409,272.1,-7.96
23345,36.740546,-4.331465,271.6,-7.84
23350,36.740539,-4.331520,271.3,-7.75
23355,36.740525,-4.331573,270.9,-7.63
23360,36.740505,-4.331623,270.5,-7.54
23365,36.740481,-4.331671,270.1,-7.54
23370,36.740454,-4.331714,269.8,-7.60
23375,36.740426,-4.331756,269.4,-7.69
23380,36.740393,-4.331796,269.0,-7.78
23385,36.740361,-4.331835,268.6,-7.87
23390,36.740328,-4.331873,268.2,-7.96
23395,36.740295,-4.331912,267.8,-7.99
23400,36.740262,-4.331950,267.4,-7.98
23405,36.740229,-4.331988,267.0,-7.92
23410,36.740197,-4.332027,266.6,-7.81
23415,36.740163,-4.332062,266.2,-7.65
23420,36.740128,-4.332099,265.8,-7.42
23425,36.740093,-4.332136,265.5,-7.12
23430,36.740057,-4.332170,265.1,-6.76
23435,36.740022,-4.332203,264.8,-6.36
23440,36.739980,-4.332222,264.5,-6.00
23445,36.739935,-4.332234,264.2,-5.67
23450,36.739890,-4.332234,263.9,-5.36
23455,36.739845,-4.332230,263.7,-5.08
23460,36.739802,-4.332224,263.4,-4.84
23465,36.739759,-4.332216,263.2,-4.66
23470,36.739715,-4.332204,262.9,-4.49
23475,36.739671,-4.332191,262.7,-4.31
23480,36.739628,-4.332175,262.5,-4.17
23485,36.739585,-4.332159,262.3,-4.07
23490,36.739542,-4.332142,262.1,-4.02
23495,36.739498,-4.332125,261.9,-3.95
23500,36.739454,-4.332108,261.7,-3.86
23505,36.739411,-4.332090,261.5,-3.82
23510,36.739370,-4.332070,261.3,-3.84
23515,36.739330,-4.332046,261.2,-3.86
23520,36.739290,-4.332019,261.0,-3.88
23525,36.739255,-4.331985,260.8,-3.93
23530,36.739221,-4.331949,260.6,-4.00
23535,36.739192,-4.331905,260.4,-4.08
23540,36.739164,-4.331860,260.2,-4.13
23545,36.739140,-4.331813,260.0,-4.18
23550,36.739115,-4.331766,259.7,-4.23
23555,36.739092,-4.331720,259.5,-4.28
23560,36.739065,-4.331676,259.3,-4.31
23565,36.739032,-4.331637,259.1,-4.31
23570,36.738995,-4.331605,258.9,-4.31
23575,36.738955,-4.331578,258.7,-4.30
23580,36.738914,-4.331555,258.4,-4.29
23585,36.738874,-4.331534,258.2,-4.26
23590,36.738830,-4.331526,258.0,-4.21
23595,36.738785,-4.331520,257.8,-4.14
23600,36.738739,-4.331524,257.6,-4.09
23605,36.738694,-4.331529,257.4,-4.01
23610,36.738648,-4.331535,257.2,-3.91
23615,36.738603,-4.331540,257.0,-3.79
23620,36.738557,-4.331540,256.8,-3.68
23625,36.738512,-4.331540,256.6,-3.59
23630,36.738469,-4.331539,256.5,-3.49
23635,36.738425,-4.331539,256.3,-3.39
23640,36.738380,-4.331542,256.1,-3.33
23645,36.738335,-4.331544,256.0,-3.33
23650,36.738289,-4.331545,255.8,-3.37
23655,36.738244,-4.331548,255.6,-3.40
23660,36.738199,-4.331551,255.5,-3.48
23665,36.738155,-4.331555,255.3,-3.62
23670,36.738110,-4.331559,255.1,-3.79
23675,36.738065,-4.331563,254.9,-3.96
23680,36.738020,-4.331568,254.7,-4.11
23685,36.737974,-4.331574,254.5,-4.28
23690,36.737929,-4.331586,254.3,-4.50
23695,36.737886,-4.331602,254.1,-4.72
23700,36.737845,-4.331622,253.8,-4.96
23705,36.737808,-4.331652,253.6,-5.18
23710,36.737773,-4.331686,253.3,-5.43
23715,36.737739,-4.331725,253.0,-5.70
23720,36.737708,-4.331765,252.7,-5.95
23725,36.737678,-4.331805,252.4,-6.21
23730,36.737645,-4.331845,252.1,-6.46
23735,36.737613,-4.331886,251.8,-6.75
23740,36.737585,-4.331927,251.4,-7.04
23745,36.737553,-4.331967,251.1,-7.26
23750,36.737521,-4.332008,250.7,-7.45
23755,36.737492,-4.332050,250.3,-7.61
23760,36.737472,-4.332100,249.9,-7.77
23765,36.737460,-4.332153,249.5,-7.93
23770,36.737454,-4.332208,249.1,-8.09
23775,36.737457,-4.332264,248.7,-8.26
23780,36.737465,-4.332318,248.3,-8.45
23785,36.737484,-4.332367,247.9,-8.60
23790,36.737517,-4.332406,247.5,-8.69
23795,36.737559,-4.332429,247.0,-8.70
23800,36.737604,-4.332435,246.6,-8.70
23805,36.737639,-4.332402,246.1,-8.66
23810,36.737665,-4.332358,245.7,-8.52
23815,36.737687,-4.332310,245.3,-8.31
23820,36.737707,-4.332260,244.9,-8.04
23825,36.737724,-4.332208,244.5,-7.73
23830,36.737741,-4.332156,244.1,-7.31
23835,36.737758,-4.332104,243.7,-6.87
23840,36.737779,-4.332054,243.4,-6.47
23845,36.737803,-4.332008,243.1,-6.13
23850,36.737835,-4.331970,242.8,-5.89
23855,36.737876,-4.331944,242.5,-5.67
23860,36.737919,-4.331929,242.2,-5.52
23865,36.737961,-4.331928,242.0,-5.43
23870,36.738006,-4.331942,241.7,-5.38
23875,36.738050,-4.331958,241.4,-5.35
23880,36.738094,-4.331974,241.2,-5.28
23885,36.738137,-4.331992,240.9,-5.23
23890,36.738178,-4.332009,240.6,-5.20
23895,36.738220,-4.332025,240.4,-5.13
23900,36.738264,-4.332039,240.1,-5.01
23905,36.738309,-4.332049,239.9,-4.89
23910,36.738354,-4.332057,239.6,-4.78
23915,36.738399,-4.332063,239.4,-4.68
23920,36.738444,-4.332069,239.2,-4.62
23925,36.738489,-4.332076,238.9,-4.64
23930,36.738531,-4.332091,238.7,-4.73
23935,36.738572,-4.332111,238.5,-4.92
23940,36.738611,-4.332139,238.2,-5.21
23945,36.738644,-4.332177,238.0,-5.53
23950,36.738667,-4.332225,237.7,-5.88
23955,36.738672,-4.332279,237.4,-6.29
23960,36.738664,-4.332334,237.1,-6.69
23965,36.738649,-4.332385,236.7,-7.03
23970,36.738623,-4.332430,236.4,-7.33
23975,36.738585,-4.332462,236.0,-7.60
23980,36.738541,-4.332464,235.6,-7.81
23985,36.738497,-4.332460,235.2,-7.91
23990,36.738454,-4.332452,234.8,-7.90
23995,36.738409,-4.332434,234.4,-7.85
24000,36.738367,-4.332415,234.0,-7.79
24005,36.738327,-4.332392,233.6,-7.74
24010,36.738285,-4.332372,233.2,-7.63
24015,36.738241,-4.332353,232.8,-7.49
24020,36.738197,-4.332339,232.5,-7.40
24025,36.738153,-4.332331,232.1,-7.32
24030,36.738108,-4.332335,231.7,-7.21
24035,36.738066,-4.332350,231.4,-7.09
24040,36.738026,-4.332372,231.0,-7.04
24045,36.737993,-4.332407,230.7,-7.06
24050,36.737982,-4.332461,230.3,-7.07
24055,36.737972,-4.332515,230.0,-7.01
24060,36.737961,-4.332570,229.6,-6.90
24065,36.737949,-4.332624,229.3,-6.79
24070,36.737936,-4.332678,228.9,-6.68
24075,36.737922,-4.332730,228.6,-6.54
24080,36.737904,-4.332782,228.3,-6.37
24085,36.737884,-4.332832,228.0,-6.24
24090,36.737860,-4.332880,227.7,-6.16
24095,36.737834,-4.332926,227.4,-6.10
24100,36.737807,-4.332971,227.1,-6.04
24105,36.737777,-4.333013,226.8,-6.00
24110,36.737746,-4.333054,226.5,-6.03
24115,36.737718,-4.333096,226.2,-6.14
24120,36.737689,-4.333137,225.9,-6.28
24125,36.737657,-4.333179,225.5,-6.39
24130,36.737626,-4.333220,225.2,-6.51
24135,36.737596,-4.333261,224.9,-6.64
24140,36.737566,-4.333302,224.5,-6.73
24145,36.737535,-4.333343,224.2,-6.74
24150,36.737504,-4.333382,223.9,-6.69
24155,36.737470,-4.333419,223.5,-6.64
24160,36.737435,-4.333453,223.2,-6.60
24165,36.737396,-4.333482,222.9,-6.54
24170,36.737357,-4.333509,222.5,-6.49
24175,36.737314,-4.333531,222.2,-6.44
24180,36.737272,-4.333551,221.9,-6.47
24185,36.737227,-4.333560,221.6,-6.55
24190,36.737182,-4.333568,221.3,-6.67
24195,36.737138,-4.333578,220.9,-6.82
24200,36.737093,-4.333589,220.6,-7.01
24205,36.737050,-4.333603,220.2,-7.22
24210,36.737006,-4.333618,219.9,-7.38
24215,36.736964,-4.333636,219.5,-7.49
24220,36.736921,-4.333654,219.1,-7.55
24225,36.736881,-4.333678,218.7,-7.58
24230,36.736843,-4.333705,218.3,-7.58
24235,36.736812,-4.333746,218.0,-7.57
24240,36.736782,-4.333787,217.6,-7.54
24245,36.736753,-4.333830,217.2,-7.47
24250,36.736724,-4.333874,216.8,-7.43
24255,36.736696,-4.333919,216.5,-7.41
24260,36.736674,-4.333966,216.1,-7.42
24265,36.736651,-4.334015,215.7,-7.43
24270,36.736630,-4.334065,215.4,-7.49
24275,36.736609,-4.334115,215.0,-7.58
24280,36.736593,-4.334167,214.6,-7.65
24285,36.736578,-4.334220,214.2,-7.70
24290,36.736565,-4.334273,213.8,-7.70
24295,36.736551,-4.334326,213.4,-7.64
24300,36.736538,-4.334380,213.0,-7.57
24305,36.736521,-4.334431,212.7,-7.45
24310,36.736505,-4.334483,212.3,-7.26
24315,36.736488,-4.334536,211.9,-6.99
24320,36.736469,-4.334586,211.6,-6.75
24325,36.736449,-4.334635,211.3,-6.51
24330,36.736424,-4.334682,210.9,-6.26
24335,36.736399,-4.334729,210.6,-6.01
24340,36.736371,-4.334772,210.3,-5.76
24345,36.736342,-4.334815,210.1,-5.55
24350,36.736306,-4.334849,209.8,-5.36
24355,36.736270,-4.334883,209.5,-5.18
24360,36.736230,-4.334911,209.3,-5.01
24365,36.736190,-4.334939,209.0,-4.90
24370,36.736149,-4.334962,208.8,-4.88
24375,36.736109,-4.334985,208.6,-4.88
24380,36.736068,-4.335010,208.3,-4.85
24385,36.736028,-4.335035,208.1,-4.84
24390,36.735987,-4.335056,207.8,-4.85
24395,36.735943,-4.335071,207.6,-4.86
24400,36.735898,-4.335086,207.3,-4.90
24405,36.735855,-4.335102,207.1,-4.98
24410,36.735811,-4.335117,206.9,-5.12
24415,36.735769,-4.335132,206.6,-5.30
24420,36.735727,-4.335148,206.3,-5.51
24425,36.735685,-4.335166,206.0,-5.72
24430,36.735643,-4.335188,205.7,-5.91
24435,36.735601,-4.335209,205.4,-6.08
24440,36.735558,-4.335227,205.1,-6.25
24445,36.735515,-4.335246,204.8,-6.40
24450,36.735472,-4.335266,204.5,-6.55
24455,36.735430,-4.335286,204.2,-6.70
24460,36.735388,-4.335305,203.8,-6.84
24465,36.735347,-4.335323,203.5,-6.97
24470,36.735305,-4.335345,203.1,-7.05
24475,36.735262,-4.335367,202.8,-7.09
24480,36.735220,-4.335387,202.4,-7.08
24485,36.735178,-4.335407,202.1,-7.08
24490,36.735136,-4.335428,201.7,-7.07
24495,36.735095,-4.335449,201.4,-7.04
24500,36.735054,-4.335472,201.0,-7.01
24505,36.735015,-4.335496,200.6,-7.01
24510,36.734974,-4.335520,200.3,-7.03
24515,36.734932,-4.335543,199.9,-7.07
24520,36.734890,-4.335565,199.6,-7.13
24525,36.734850,-4.335588,199.2,-7.25
24530,36.734809,-4.335613,198.9,-7.41
24535,36.734770,-4.335640,198.5,-7.59
24540,36.734731,-4.335668,198.1,-7.79
24545,36.734693,-4.335698,197.7,-7.99
24550,36.734655,-4.335728,197.3,-8.20
24555,36.734618,-4.335759,196.9,-8.37
24560,36.734582,-4.335792,196.5,-8.50
24565,36.734546,-4.335826,196.0,-8.59
24570,36.734511,-4.335863,195.6,-8.59
24575,36.734478,-4.335900,195.2,-8.51
24580,36.734445,-4.335937,194.7,-8.38
24585,36.734415,-4.335978,194.3,-8.28
24590,36.734385,-4.336020,193.9,-8.18
24595,36.734363,-4.336069,193.5,-8.06
24600,36.734344,-4.336119,193.1,-7.95
24605,36.734329,-4.336172,192.7,-7.89
24610,36.734314,-4.336225,192.3,-7.86
24615,36.734299,-4.336278,191.9,-7.79
24620,36.734282,-4.336330,191.6,-7.75
24625,36.734262,-4.336379,191.2,-7.78
24630,36.734233,-4.336422,190.8,-7.88
24635,36.734197,-4.336455,190.4,-7.94
24640,36.734157,-4.336483,190.0,-7.94
24645,36.734118,-4.336509,189.6,-7.91
24650,36.734079,-4.336535,189.2,-7.85
24655,36.734038,-4.336561,188.8,-7.77
24660,36.733998,-4.336587,188.4,-7.64
24665,36.733959,-4.336613,188.0,-7.51
24670,36.733920,-4.336639,187.7,-7.43
24675,36.733880,-4.336664,187.3,-7.34
24680,36.733840,-4.336690,186.9,-7.26
24685,36.733799,-4.336716,186.6,-7.17
24690,36.733759,-4.336742,186.2,-7.09
24695,36.733717,-4.336767,185.9,-7.02
24700,36.733676,-4.336792,185.5,-6.99
24705,36.733636,-4.336817,185.2,-7.01
24710,36.733597,-4.336843,184.8,-7.03
24715,36.733557,-4.336870,184.5,-7.04
24720,36.733517,-4.336895,184.1,-7.13
24725,36.733475,-4.336918,183.8,-7.25
24730,36.733436,-4.336946,183.4,-7.33
24735,36.733399,-4.336974,183.0,-7.39
24740,36.733360,-4.337003,182.6,-7.47
24745,36.733322,-4.337031,182.3,-7.61
24750,36.733282,-4.337059,181.9,-7.78
24755,36.733242,-4.337088,181.5,-7.99
24760,36.733205,-4.337120,181.1,-8.24
24765,36.733170,-4.337156,180.7,-8.53
24770,36.733139,-4.337195,180.2,-8.87
24775,36.733109,-4.337235,179.8,-9.14
24780,36.733082,-4.337279,179.3,-9.33
24785,36.733059,-4.337328,178.9,-9.53
24790,36.733041,-4.337379,178.4,-9.75
24795,36.733023,-4.337430,177.9,-9.91
24800,36.733003,-4.337481,177.4,-9.99
24805,36.732986,-4.337533,176.9,-10.04
24810,36.732974,-4.337587,176.4,-10.04
24815,36.732964,-4.337641,175.9,-9.95
24820,36.732956,-4.337696,175.4,-9.78
24825,36.732951,-4.337752,174.9,-9.59
24830,36.732949,-4.337808,174.4,-9.40
24835,36.732950,-4.337863,173.9,-9.29
24840,36.732952,-4.337919,173.5,-9.20
24845,36.732962,-4.337974,173.0,-9.12
24850,36.732973,-4.338028,172.6,-9.04
24855,36.732991,-4.338079,172.1,-8.98
24860,36.733012,-4.338129,171.7,-8.92
24865,36.733039,-4.338175,171.2,-8.82
24870,36.733067,-4.338219,170.8,-8.70
24875,36.733098,-4.338260,170.4,-8.58
24880,36.733132,-4.338295,169.9,-8.47
24885,36.733167,-4.338327,169.5,-8.33
24890,36.733209,-4.338351,169.1,-8.15
24895,36.733252,-4.338365,168.7,-7.93
24900,36.733296,-4.338368,168.3,-7.69
24905,36.733340,-4.338370,167.9,-7.47
24910,36.733385,-4.338373,167.5,-7.27
24915,36.733432,-4.338377,167.2,-7.06
24920,36.733478,-4.338380,166.9,-6.87
24925,36.733523,-4.338383,166.5,-6.71
24930,36.733567,-4.338379,166.2,-6.56
24935,36.733611,-4.338371,165.8,-6.39
24940,36.733653,-4.338355,165.5,-6.19
24945,36.733693,-4.338330,165.2,-6.03
24950,36.733731,-4.338300,164.9,-5.90
24955,36.733767,-4.338265,164.6,-5.73
24960,36.733800,-4.338227,164.4,-5.53
24965,36.733828,-4.338184,164.1,-5.31
24970,36.733847,-4.338133,163.8,-5.12
24975,36.733863,-4.338081,163.6,-4.95
24980,36.733878,-4.338028,163.3,-4.81
24985,36.733890,-4.337974,163.1,-4.78
24990,36.733901,-4.337920,162.9,-4.87
24995,36.733916,-4.337867,162.6,-5.09
25000,36.733934,-4.337816,162.4,-5.31
25005,36.733961,-4.337773,162.1,-5.55
25010,36.734000,-4.337746,161.8,-5.83
25015,36.734044,-4.337745,161.5,-6.10
25020,36.734084,-4.337766,161.2,-6.33
25025,36.734117,-4.337802,160.9,-6.52
25030,36.734137,-4.337851,160.6,-6.71
25035,36.734147,-4.337905,160.2,-6.86
25040,36.734150,-4.337961,159.9,-6.94
25045,36.734150,-4.338017,159.5,-6.94
25050,36.734147,-4.338073,159.2,-6.88
25055,36.734142,-4.338128,158.8,-6.81
25060,36.734140,-4.338184,158.5,-6.70
25065,36.734134,-4.338239,158.1,-6.59
25070,36.734124,-4.338294,157.8,-6.52
25075,36.734114,-4.338349,157.5,-6.50
25080,36.734103,-4.338403,157.2,-6.52
25085,36.734090,-4.338456,156.9,-6.52
25090,36.734076,-4.338509,156.5,-6.56
25095,36.734058,-4.338561,156.2,-6.62
25100,36.734038,-4.338611,155.9,-6.66
25105,36.734015,-4.338658,155.5,-6.69
25110,36.733989,-4.338703,155.2,-6.69
25115,36.733960,-4.338746,154.9,-6.68
25120,36.733928,-4.338787,154.5,-6.66
25125,36.733896,-4.338827,154.2,-6.61
25130,36.733864,-4.338867,153.9,-6.57
25135,36.733832,-4.338907,153.5,-6.51
25140,36.733804,-4.338951,153.2,-6.45
25145,36.733777,-4.338996,152.9,-6.39
25150,36.733754,-4.339043,152.6,-6.31
25155,36.733730,-4.339091,152.2,-6.20
25160,36.733705,-4.339138,151.9,-6.08
25165,36.733680,-4.339184,151.6,-5.97
25170,36.733654,-4.339228,151.3,-5.87
25175,36.733622,-4.339268,151.1,-5.78
25180,36.733588,-4.339305,150.8,-5.70
25185,36.733550,-4.339333,150.5,-5.62
25190,36.733510,-4.339358,150.2,-5.57
25195,36.733467,-4.339378,149.9,-5.55
25200,36.733425,-4.339398,149.7,-5.53
25205,36.733381,-4.339413,149.4,-5.47
25210,36.733337,-4.339428,149.1,-5.40
25215,36.733294,-4.339440,148.8,-5.31
25220,36.733251,-4.339451,148.6,-5.21
25225,36.733206,-4.339462,148.3,-5.09
25230,36.733161,-4.339473,148.1,-4.97
25235,36.733117,-4.339482,147.8,-4.85
25240,36.733074,-4.339492,147.6,-4.74
25245,36.733028,-4.339500,147.3,-4.63
25250,36.732983,-4.339509,147.1,-4.49
25255,36.732938,-4.339520,146.9,-4.32
25260,36.732894,-4.339531,146.7,-4.14
25265,36.732850,-4.339541,146.5,-3.96
25270,36.732807,-4.339550,146.3,-3.77
25275,36.732763,-4.339559,146.1,-3.58
25280,36.732718,-4.339569,145.9,-3.39
25285,36.732673,-4.339577,145.8,-3.22
25290,36.732629,-4.339583,145.6,-3.05
25295,36.732584,-4.339589,145.5,-2.88
25300,36.732539,-4.339595,145.3,-2.71
25305,36.732494,-4.339603,145.2,-2.54
25310,36.732449,-4.339613,145.1,-2.37
25315,36.732405,-4.339622,144.9,-2.23
25320,36.732361,-4.339629,144.8,-2.13
25325,36.732319,-4.339647,144.7,-2.06
25330,36.732278,-4.339671,144.6,-2.04
25335,36.732242,-4.339703,144.5,-2.05
25340,36.732207,-4.339738,144.4,-2.07
25345,36.732174,-4.339776,144.3,-2.09
25350,36.732141,-4.339814,144.2,-2.11
25355,36.732116,-4.339860,144.1,-2.12
25360,36.732097,-4.339910,144.0,-2.16
25365,36.732079,-4.339962,143.9,-2.25
25370,36.732062,-4.340014,143.8,-2.34
25375,36.732044,-4.340066,143.7,-2.44
25380,36.732026,-4.340117,143.6,-2.52
25385,36.732000,-4.340163,143.4,-2.61
25390,36.731971,-4.340206,143.3,-2.69
25395,36.731939,-4.340244,143.2,-2.76
25400,36.731900,-4.340271,143.0,-2.82
25405,36.731858,-4.340294,142.9,-2.90
25410,36.731815,-4.340308,142.7,-3.02
25415,36.731772,-4.340319,142.6,-3.14
25420,36.731727,-4.340322,142.4,-3.22
25425,36.731682,-4.340323,142.3,-3.28
25430,36.731636,-4.340319,142.1,-3.34
25435,36.731592,-4.340313,141.9,-3.38
25440,36.731549,-4.340304,141.7,-3.41
25445,36.731504,-4.340292,141.6,-3.43
25450,36.731458,-4.340279,141.4,-3.44
25455,36.731417,-4.340257,141.2,-3.49
25460,36.731377,-4.340231,141.1,-3.54
25465,36.731340,-4.340201,140.9,-3.55
25470,36.731304,-4.340167,140.7,-3.52
25475,36.731268,-4.340132,140.5,-3.50
25480,36.731232,-4.340100,140.3,-3.52
25485,36.731195,-4.340068,140.2,-3.56
25490,36.731157,-4.340037,140.0,-3.62
25495,36.731119,-4.340009,139.8,-3.72
25500,36.731080,-4.339983,139.6,-3.85
25505,36.731039,-4.339959,139.4,-4.03
25510,36.730998,-4.339935,139.2,-4.23
25515,36.730956,-4.339914,139.0,-4.40
25520,36.730914,-4.339894,138.8,-4.60
25525,36.730872,-4.339875,138.6,-4.86
25530,36.730830,-4.339858,138.3,-5.16
25535,36.730787,-4.339842,138.0,-5.41
25540,36.730742,-4.339827,137.8,-5.62
25545,36.730697,-4.339817,137.5,-5.84
25550,36.730651,-4.339810,137.2,-6.03
25555,36.730608,-4.339814,136.9,-6.18
25560,36.730563,-4.339823,136.6,-6.30
25565,36.730519,-4.339838,136.2,-6.35
25570,36.730477,-4.339857,135.9,-6.40
25575,36.730436,-4.339878,135.6,-6.43
25580,36.730394,-4.339902,135.3,-6.39
25585,36.730355,-4.339928,134.9,-6.27
25590,36.730316,-4.339957,134.6,-6.16
25595,36.730282,-4.339993,134.3,-6.11
25600,36.730250,-4.340031,134.0,-6.07
25605,36.730222,-4.340075,133.7,-6.02
25610,36.730197,-4.340122,133.4,-6.00
25615,36.730174,-4.340170,133.1,-6.02
25620,36.730153,-4.340219,132.8,-6.06
25625,36.730134,-4.340269,132.5,-6.07
25630,36.730115,-4.340320,132.2,-6.08
25635,36.730096,-4.340371,131.9,-6.11
25640,36.730078,-4.340422,131.6,-6.18
25645,36.730058,-4.340473,131.3,-6.28
25650,36.730038,-4.340523,131.0,-6.37
25655,36.730018,-4.340574,130.7,-6.49
25660,36.730000,-4.340625,130.3,-6.64
25665,36.729982,-4.340676,130.0,-6.76
25670,36.729964,-4.340727,129.7,-6.86
25675,36.729946,-4.340778,129.3,-6.94
25680,36.729928,-4.340829,129.0,-6.99
25685,36.729910,-4.340880,128.6,-7.05
25690,36.729892,-4.340932,128.3,-7.11
25695,36.729874,-4.340983,127.9,-7.16
25700,36.729856,-4.341035,127.5,-7.20
25705,36.729837,-4.341085,127.2,-7.22
25710,36.729817,-4.341136,126.8,-7.24
25715,36.729799,-4.341188,126.4,-7.24
25720,36.729781,-4.341239,126.1,-7.24
25725,36.729763,-4.341290,125.7,-7.28
25730,36.729745,-4.341341,125.4,-7.37
25735,36.729726,-4.341391,125.0,-7.52
25740,36.729707,-4.341442,124.6,-7.68
25745,36.729687,-4.341492,124.2,-7.83
25750,36.729668,-4.341543,123.8,-7.95
25755,36.729649,-4.341595,123.4,-8.07
25760,36.729628,-4.341645,123.0,-8.18
25765,36.729608,-4.341695,122.6,-8.24
25770,36.729587,-4.341745,122.2,-8.26
25775,36.729566,-4.341794,121.8,-8.26
25780,36.729543,-4.341842,121.4,-8.23
25785,36.729520,-4.341890,121.0,-8.14
25790,36.729496,-4.341937,120.5,-8.01
25795,36.729469,-4.341982,120.2,-7.90
25800,36.729439,-4.342025,119.8,-7.79
25805,36.729410,-4.342065,119.4,-7.70
25810,36.729380,-4.342105,119.0,-7.63
25815,36.729341,-4.342138,118.6,-7.56
25820,36.729302,-4.342166,118.2,-7.52
25825,36.729262,-4.342187,117.9,-7.51
25830,36.729219,-4.342201,117.5,-7.55
25835,36.729175,-4.342210,117.1,-7.62
25840,36.729129,-4.342220,116.7,-7.71
25845,36.729083,-4.342229,116.3,-7.83
25850,36.729040,-4.342242,116.0,-7.91
25855,36.728996,-4.342254,115.5,-7.98
25860,36.728953,-4.342272,115.1,-8.07
25865,36.728911,-4.342290,114.7,-8.14
25870,36.728875,-4.342323,114.3,-8.19
25875,36.728840,-4.342357,113.9,-8.22
25880,36.728808,-4.342397,113.5,-8.27
25885,36.728778,-4.342438,113.1,-8.28
25890,36.728750,-4.342482,112.7,-8.23
25895,36.728724,-4.342527,112.3,-8.13
25900,36.728702,-4.342576,111.9,-8.05
25905,36.728680,-4.342625,111.5,-8.00
25910,36.728658,-4.342673,111.1,-7.95
25915,36.728635,-4.342722,110.7,-7.90
25920,36.728608,-4.342768,110.3,-7.87
25925,36.728581,-4.342813,109.9,-7.86
25930,36.728548,-4.342851,109.5,-7.84
25935,36.728514,-4.342887,109.1,-7.81
25940,36.728475,-4.342915,108.7,-7.77
25945,36.728436,-4.342942,108.3,-7.74
25950,36.728396,-4.342966,107.9,-7.72
25955,36.728356,-4.342989,107.6,-7.67
25960,36.728315,-4.343014,107.2,-7.57
25965,36.728275,-4.343039,106.8,-7.44
25970,36.728235,-4.343068,106.4,-7.28
25975,36.728196,-4.343098,106.1,-7.10
25980,36.728160,-4.343132,105.7,-6.91
25985,36.728124,-4.343166,105.4,-6.74
25990,36.728089,-4.343200,105.0,-6.61
25995,36.728054,-4.343233,104.7,-6.52
26000,36.728017,-4.343263,104.4,-6.44
26005,36.727977,-4.343290,104.1,-6.33
26010,36.727935,-4.343310,103.7,-6.22
26015,36.727890,-4.343316,103.4,-6.15
26020,36.727846,-4.343303,103.1,-6.17
26025,36.727806,-4.343276,102.8,-6.25
26030,36.727780,-4.343235,102.5,-6.38
26035,36.727773,-4.343180,102.2,-6.60
26040,36.727775,-4.343124,101.9,-6.90
26045,36.727773,-4.343069,101.5,-7.21
26050,36.727767,-4.343013,101.2,-7.45
26055,36.727748,-4.342966,100.8,-7.65
26060,36.727709,-4.342947,100.4,-7.91
26065,36.727667,-4.342962,100.0,-8.20
26070,36.727630,-4.342993,99.6,-8.42
26075,36.727597,-4.343030,99.1,-8.56
26080,36.727560,-4.343064,98.7,-8.67
26085,36.727521,-4.343094,98.2,-8.76
26090,36.727481,-4.343121,97.8,-8.71
26095,36.727440,-4.343143,97.4,-8.56
26100,36.727399,-4.343165,97.0,-8.40
26105,36.727358,-4.343185,96.5,-8.30
26110,36.727319,-4.343212,96.1,-8.23
26115,36.727280,-4.343240,95.7,-8.15
26120,36.727245,-4.343276,95.3,-8.10
26125,36.727211,-4.343313,94.9,-8.11
26130,36.727178,-4.343350,94.5,-8.13
26135,36.727141,-4.343383,94.1,-8.11
26140,36.727101,-4.343411,93.7,-8.04
26145,36.727059,-4.343433,93.3,-8.01
26150,36.727017,-4.343453,92.9,-8.00
26155,36.726975,-4.343467,92.5,-7.93
26160,36.726932,-4.343479,92.1,-7.82
26165,36.726887,-4.343485,91.7,-7.70
26170,36.726841,-4.343491,91.3,-7.58
26175,36.726797,-4.343501,90.9,-7.43
26180,36.726753,-4.343512,90.6,-7.27
26185,36.726709,-4.343528,90.2,-7.14
26190,36.726666,-4.343546,89.9,-7.05
26195,36.726627,-4.343570,89.5,-7.05
26200,36.726587,-4.343595,89.2,-7.07
26205,36.726547,-4.343623,88.8,-7.08
26210,36.726507,-4.343652,88.5,-7.11
26215,36.726470,-4.343684,88.1,-7.20
26220,36.726433,-4.343717,87.8,-7.34
26225,36.726398,-4.343751,87.4,-7.47
26230,36.726364,-4.343785,87.0,-7.60
26235,36.726328,-4.343821,86.6,-7.77
26240,36.726295,-4.343858,86.2,-7.94
26245,36.726263,-4.343897,85.8,-8.07
26250,36.726234,-4.343940,85.4,-8.10
26255,36.726207,-4.343986,85.0,-8.08
26260,36.726185,-4.344034,84.6,-8.05
26265,36.726167,-4.344085,84.2,-7.99
26270,36.726150,-4.344137,83.8,-7.88
26275,36.726139,-4.344191,83.4,-7.74
26280,36.726129,-4.344245,83.0,-7.64
26285,36.726120,-4.344300,82.6,-7.59
26290,36.726113,-4.344355,82.3,-7.52
26295,36.726107,-4.344410,81.9,-7.47
26300,36.726102,-4.344466,81.5,-7.48
26305,36.726097,-4.344522,81.2,-7.54
26310,36.726091,-4.344578,80.8,-7.59
26315,36.726084,-4.344633,80.4,-7.65
26320,36.726073,-4.344687,80.0,-7.76
26325,36.726056,-4.344737,79.6,-7.87
26330,36.726029,-4.344782,79.2,-7.94
26335,36.725993,-4.344817,78.8,-7.99
26340,36.725955,-4.344847,78.4,-8.01
26345,36.725913,-4.344866,78.0,-8.01
26350,36.725870,-4.344881,77.6,-7.97
26355,36.725826,-4.344891,77.2,-7.89
26360,36.725782,-4.344899,76.8,-7.82
26365,36.725737,-4.344904,76.4,-7.79
26370,36.725692,-4.344907,76.1,-7.76
26375,36.725646,-4.344909,75.7,-7.71
26380,36.725601,-4.344911,75.3,-7.68
26385,36.725556,-4.344917,74.9,-7.68
26390,36.725511,-4.344922,74.5,-7.69
26395,36.725467,-4.344932,74.1,-7.70
26400,36.725422,-4.344942,73.7,-7.72
26405,36.725378,-4.344953,73.4,-7.74
26410,36.725336,-4.344973,73.0,-7.75
26415,36.725293,-4.344993,72.6,-7.75
26420,36.725252,-4.345015,72.2,-7.77
26425,36.725213,-4.345039,71.8,-7.80
26430,36.725173,-4.345063,71.4,-7.82
26435,36.725131,-4.345087,71.0,-7.83
26440,36.725089,-4.345111,70.6,-7.84
26445,36.725047,-4.345133,70.2,-7.83
26450,36.725006,-4.345154,69.8,-7.77
26455,36.724965,-4.345174,69.5,-7.66
26460,36.724922,-4.345190,69.1,-7.52
26465,36.724880,-4.345207,68.7,-7.41
26470,36.724836,-4.345222,68.3,-7.30
26475,36.724792,-4.345236,68.0,-7.15
26480,36.724749,-4.345251,67.6,-6.97
26485,36.724706,-4.345266,67.3,-6.81
26490,36.724663,-4.345281,66.9,-6.64
26495,36.724619,-4.345295,66.6,-6.45
26500,36.724575,-4.345309,66.3,-6.23
26505,36.724531,-4.345326,66.0,-6.05
26510,36.724487,-4.345343,65.7,-5.91
26515,36.724446,-4.345366,65.4,-5.79
26520,36.724405,-4.345388,65.1,-5.65
26525,36.724364,-4.345412,64.8,-5.47
26530,36.724324,-4.345437,64.6,-5.30
26535,36.724284,-4.345461,64.3,-5.12
26540,36.724243,-4.345484,64.0,-4.91
26545,36.724202,-4.345508,63.8,-4.67
26550,36.724163,-4.345535,63.6,-4.42
26555,36.724124,-4.345563,63.4,-4.22
26560,36.724086,-4.345593,63.2,-4.04
26565,36.724048,-4.345623,63.0,-3.85
26570,36.724010,-4.345652,62.8,-3.66
26575,36.723971,-4.345680,62.6,-3.50
26580,36.723932,-4.345708,62.4,-3.37
26585,36.723894,-4.345738,62.3,-3.23
26590,36.723855,-4.345768,62.1,-3.12
26595,36.723819,-4.345802,62.0,-3.03
26600,36.723783,-4.345837,61.8,-2.98
26605,36.723748,-4.345870,61.7,-2.96
26610,36.723712,-4.345904,61.5,-2.96
26615,36.723678,-4.345940,61.4,-2.94
26620,36.723644,-4.345977,61.2,-2.91
26625,36.723610,-4.346015,61.1,-2.87
26630,36.723578,-4.346055,60.9,-2.85
26635,36.723546,-4.346096,60.8,-2.85
26640,36.723515,-4.346137,60.7,-2.85
26645,36.723485,-4.346178,60.5,-2.84
26650,36.723454,-4.346218,60.4,-2.84
26655,36.723423,-4.346258,60.2,-2.87
26660,36.723391,-4.346297,60.1,-2.90
26665,36.723359,-4.346336,59.9,-2.88
26670,36.723326,-4.346375,59.8,-2.86
26675,36.723293,-4.346413,59.6,-2.87
26680,36.723263,-4.346454,59.5,-2.89
26685,36.723233,-4.346495,59.4,-2.85
26690,36.723201,-4.346535,59.2,-2.77
26695,36.723170,-4.346575,59.1,-2.75
26700,36.723139,-4.346615,58.9,-2.77
26705,36.723107,-4.346654,58.8,-2.77
26710,36.723075,-4.346694,58.7,-2.76
26715,36.723042,-4.346732,58.5,-2.76
26720,36.723009,-4.346769,58.4,-2.76
26725,36.722973,-4.346806,58.2,-2.72
26730,36.722938,-4.346843,58.1,-2.66
26735,36.722906,-4.346882,58.0,-2.61
26740,36.722875,-4.346922,57.9,-2.57
26745,36.722846,-4.346963,57.7,-2.56
26750,36.722814,-4.347003,57.6,-2.53
26755,36.722781,-4.347043,57.5,-2.48
26760,36.722749,-4.347082,57.3,-2.44
26765,36.722718,-4.347121,57.2,-2.41
26770,36.722685,-4.347159,57.1,-2.38
26775,36.722652,-4.347198,57.0,-2.37
26780,36.722619,-4.347237,56.9,-2.39
26785,36.722587,-4.347275,56.8,-2.45
26790,36.722556,-4.347314,56.6,-2.49
26795,36.722524,-4.347353,56.5,-2.50
26800,36.722491,-4.347392,56.4,-2.51
26805,36.722459,-4.347431,56.2,-2.53
26810,36.722426,-4.347470,56.1,-2.55
26815,36.722393,-4.347509,56.0,-2.55
26820,36.722360,-4.347548,55.9,-2.57
26825,36.722327,-4.347587,55.7,-2.61
26830,36.722297,-4.347627,55.6,-2.64
26835,36.722269,-4.347670,55.5,-2.65
26840,36.722241,-4.347714,55.3,-2.61
26845,36.722215,-4.347761,55.2,-2.59
26850,36.722191,-4.347808,55.1,-2.57
26855,36.722169,-4.347857,55.0,-2.48
26860,36.722149,-4.347907,54.8,-2.33
26865,36.722129,-4.347957,54.7,-2.10
26870,36.722110,-4.348007,54.6,-1.87
26875,36.722091,-4.348058,54.5,-1.53
26880,36.722069,-4.348107,54.4,-1.13
26885,36.722044,-4.348154,54.4,-0.74
26890,36.722018,-4.348199,54.4,-0.38
26895,36.721991,-4.348243,54.4,-0.10
26900,36.721965,-4.348289,54.4,0.19
26905,36.721942,-4.348337,54.4,0.39
26910,36.721921,-4.348388,54.4,0.53
26915,36.721906,-4.348440,54.5,0.58
26920,36.721893,-4.348494,54.5,0.53
26925,36.721881,-4.348548,54.5,0.46
26930,36.721868,-4.348601,54.6,0.28
26935,36.721854,-4.348654,54.6,0.04
26940,36.721841,-4.348708,54.6,-0.20
26945,36.721827,-4.348761,54.5,-0.44
26950,36.721814,-4.348815,54.5,-0.69
26955,36.721801,-4.348868,54.5,-0.97
26960,36.721788,-4.348922,54.4,-1.23
26965,36.721775,-4.348975,54.3,-1.47
26970,36.721761,-4.349028,54.3,-1.76
26975,36.721746,-4.349081,54.2,-2.05
26980,36.721731,-4.349133,54.1,-2.28
26985,36.721714,-4.349186,53.9,-2.52
26990,36.721697,-4.349237,53.8,-2.77
26995,36.721679,-4.349289,53.7,-3.06
27000,36.721661,-4.349341,53.5,-3.35
27005,36.721644,-4.349393,53.3,-3.62
27010,36.721629,-4.349445,53.1,-3.87
27015,36.721614,-4.349498,52.9,-4.09
27020,36.721598,-4.349551,52.7,-4.29
27025,36.721581,-4.349603,52.5,-4.38
27030,36.721564,-4.349655,52.3,-4.37
27035,36.721547,-4.349706,52.0,-4.37
27040,36.721530,-4.349758,51.8,-4.34
27045,36.721514,-4.349811,51.6,-4.27
27050,36.721501,-4.349864,51.4,-4.15
27055,36.721487,-4.349916,51.2,-4.02
27060,36.721471,-4.349968,51.0,-3.88
27065,36.721454,-4.350020,50.8,-3.70
27070,36.721435,-4.350071,50.6,-3.49
27075,36.721416,-4.350122,50.5,-3.28
27080,36.721394,-4.350171,50.3,-3.04
27085,36.721372,-4.350219,50.2,-2.81
27090,36.721349,-4.350268,50.0,-2.60
27095,36.721328,-4.350318,49.9,-2.37
27100,36.721310,-4.350369,49.8,-2.15
27105,36.721292,-4.350420,49.7,-1.91
27110,36.721276,-4.350472,49.6,-1.67
27115,36.721259,-4.350525,49.5,-1.43
27120,36.721244,-4.350577,49.4,-1.20
27125,36.721228,-4.350630,49.4,-0.99
27130,36.721212,-4.350681,49.3,-0.78
27135,36.721194,-4.350733,49.3,-0.63
27140,36.721175,-4.350784,49.3,-0.52
27145,36.721165,-4.350838,49.3,-0.44
27150,36.721158,-4.350894,49.3,-0.37
27155,36.721151,-4.350948,49.2,-0.33
27160,36.721136,-4.351001,49.2,-0.33
27165,36.721122,-4.351054,49.2,-0.33
27170,36.721110,-4.351109,49.2,-0.33
27175,36.721098,-4.351163,49.2,-0.33
27180,36.721085,-4.351216,49.2,-0.36
27185,36.721072,-4.351270,49.1,-0.43
27190,36.721059,-4.351323,49.1,-0.49
27195,36.721045,-4.351376,49.1,-0.55
27200,36.721031,-4.351430,49.1,-0.61
27205,36.721020,-4.351484,49.0,-0.67
27210,36.721010,-4.351538,49.0,-0.68
27215,36.721002,-4.351594,49.0,-0.63
27220,36.720994,-4.351649,48.9,-0.57
27225,36.720988,-4.351704,48.9,-0.51
27230,36.720982,-4.351760,48.9,-0.45
27235,36.720975,-4.351815,48.9,-0.38
27240,36.720968,-4.351870,48.8,-0.30
27245,36.720961,-4.351925,48.8,-0.24
27250,36.720954,-4.351981,48.8,-0.22
27255,36.720949,-4.352036,48.8,-0.22
27260,36.720944,-4.352092,48.8,-0.22
27265,36.720938,-4.352147,48.8,-0.23
27270,36.720931,-4.352203,48.8,-0.29
27275,36.720927,-4.352258,48.8,-0.40
27280,36.720920,-4.352314,48.7,-0.49
27285,36.720910,-4.352369,48.7,-0.55
27290,36.720900,-4.352423,48.7,-0.61
27295,36.720889,-4.352477,48.6,-0.71
27300,36.720875,-4.352530,48.6,-0.83
27305,36.720859,-4.352582,48.6,-0.92
27310,36.720840,-4.352633,48.5,-0.98
27315,36.720820,-4.352683,48.5,-1.07
27320,36.720797,-4.352732,48.4,-1.25
27325,36.720774,-4.352780,48.3,-1.39
27330,36.720751,-4.352827,48.3,-1.48
27335,36.720725,-4.352874,48.2,-1.63
27340,36.720700,-4.352921,48.1,-1.85
27345,36.720678,-4.352969,48.0,-2.06
27350,36.720652,-4.353015,47.9,-2.20
27355,36.720626,-4.353062,47.8,-2.50
27360,36.720602,-4.353108,47.7,-2.76
27365,36.720578,-4.353154,47.5,-2.98
27370,36.720552,-4.353200,47.4,-3.14
27375,36.720524,-4.353246,47.2,-3.20
27380,36.720497,-4.353291,47.0,-3.26
27385,36.720471,-4.353337,46.9,-3.17
27390,36.720443,-4.353380,46.7,-3.07
27395,36.720399,-4.353433,46.6,-2.94
27400,36.720388,-4.353486,46.4,-2.80
27405,36.720387,-4.353542,46.3,-2.72
27410,36.720391,-4.353598,46.1,-2.50
27415,36.720396,-4.353654,46.0,-2.30
27420,36.720402,-4.353709,45.9,-2.14
27425,36.720404,-4.353765,45.8,-1.98
27430,36.720413,-4.353820,45.7,-1.88
27435,36.720420,-4.353876,45.6,-1.82
27440,36.720427,-4.353930,45.5,-1.86
27445,36.720437,-4.353985,45.4,-1.92
27450,36.720445,-4.354040,45.3,-1.95
27455,36.720452,-4.354095,45.2,-2.01
27460,36.720457,-4.354151,45.1,-2.00
27465,36.720459,-4.354207,45.0,-1.91
27470,36.720461,-4.354263,44.9,-1.83
27475,36.720464,-4.354319,44.8,-1.71
27480,36.720469,-4.354374,44.8,-1.67
27485,36.720477,-4.354429,44.7,-1.53
27490,36.720486,-4.354484,44.6,-1.39
27495,36.720498,-4.354538,44.5,-1.29
27500,36.720507,-4.354593,44.5,-1.17
27505,36.720518,-4.354647,44.4,-1.04
27510,36.720531,-4.354701,44.4,-0.90
27515,36.720543,-4.354754,44.3,-0.81
27520,36.720549,-4.354831,44.3,-0.68
27525,36.720516,-4.355012,44.3,-0.58
27530,36.720518,-4.355068,44.2,-0.52
27535,36.720526,-4.355123,44.2,-0.40
27540,36.720541,-4.355176,44.2,-0.30
27545,36.720559,-4.355227,44.2,-0.21
27550,36.720574,-4.355279,44.2,-0.15
27555,36.720588,-4.355332,44.2,-0.09
27560,36.720601,-4.355387,44.2,-0.03
27565,36.720609,-4.355441,44.2,0.00
27570,36.720615,-4.355497,44.2,0.07
27575,36.720624,-4.355552,44.2,0.09
27580,36.720631,-4.355607,44.2,0.15
27585,36.720638,-4.355662,44.2,0.21
27590,36.720649,-4.355716,44.2,0.27
27595,36.720661,-4.355771,44.2,0.32
27600,36.720659,-4.355826,44.2,0.42
27605,36.720654,-4.355882,44.3,0.51
27610,36.720651,-4.355937,44.3,0.60
27615,36.720647,-4.355993,44.3,0.73
27620,36.720642,-4.356049,44.4,0.85
27625,36.720645,-4.356105,44.4,0.94
27630,36.720650,-4.356160,44.5,0.98
27635,36.720658,-4.356215,44.5,0.98
27640,36.720667,-4.356270,44.6,0.94
27645,36.720677,-4.356324,44.6,0.88
27650,36.720686,-4.356379,44.7,0.80
27655,36.720697,-4.356433,44.7,0.68
27660,36.720713,-4.356486,44.7,0.58
27665,36.720728,-4.356539,44.8,0.53
27670,36.720745,-4.356590,44.8,0.47
27675,36.720763,-4.356641,44.8,0.41
27680,36.720781,-4.356693,44.8,0.37
27685,36.720798,-4.356744,44.8,0.37
27690,36.720816,-4.356796,44.8,0.41
27695,36.720830,-4.356849,44.9,0.44
27700,36.720841,-4.356904,44.9,0.45
27705,36.720856,-4.356957,44.9,0.50
27710,36.720870,-4.357010,44.9,0.56
27715,36.720885,-4.357063,45.0,0.62
27720,36.720899,-4.357116,45.0,0.60
27725,36.720912,-4.357169,45.0,0.57
27730,36.720921,-4.357224,45.1,0.55
27735,36.720929,-4.357279,45.1,0.50
27740,36.720936,-4.357334,45.1,0.44
27745,36.720939,-4.357390,45.1,0.34
27750,36.720941,-4.357446,45.2,0.29
27755,36.720944,-4.357502,45.2,0.28
27760,36.720946,-4.357558,45.2,0.23
27765,36.720944,-4.357614,45.2,0.17
27770,36.720938,-4.357669,45.2,0.11
27775,36.720927,-4.357723,45.2,0.09
27780,36.720915,-4.357777,45.2,0.06
27785,36.720906,-4.357832,45.2,0.02
27790,36.720898,-4.357887,45.2,0.05
27795,36.720897,-4.357942,45.2,0.12
27800,36.720901,-4.357997,45.2,0.24
27805,36.720901,-4.358053,45.2,0.40
27810,36.720905,-4.358109,45.2,0.58
27815,36.720911,-4.358164,45.3,0.76
27820,36.720918,-4.358220,45.3,0.94
27825,36.720924,-4.358275,45.4,1.11
27830,36.720929,-4.358331,45.4,1.23
27835,36.720936,-4.358386,45.5,1.31
27840,36.720946,-4.358441,45.6,1.37
27845,36.720956,-4.358495,45.6,1.39
27850,36.720965,-4.358550,45.7,1.33
27855,36.720974,-4.358605,45.8,1.21
27860,36.720986,-4.358659,45.8,1.09
27865,36.720997,-4.358713,45.9,0.97
27870,36.721007,-4.358767,45.9,0.85
27875,36.721019,-4.358821,46.0,0.73
27880,36.721030,-4.358876,46.0,0.62
27885,36.721040,-4.358931,46.0,0.58
27890,36.721052,-4.358985,46.1,0.59
27895,36.721064,-4.359038,46.1,0.59
27900,36.721074,-4.359093,46.1,0.61
27905,36.721084,-4.359148,46.1,0.71
27910,36.721091,-4.359203,46.2,0.83
27915,36.721098,-4.359258,46.2,0.93
27920,36.721107,-4.359313,46.3,0.99
27925,36.721111,-4.359369,46.3,1.05
27930,36.721111,-4.359425,46.4,1.09
27935,36.721114,-4.359480,46.4,1.09
27940,36.721119,-4.359536,46.5,1.06
27945,36.721127,-4.359591,46.5,1.03
27950,36.721135,-4.359646,46.6,1.02
27955,36.721141,-4.359702,46.7,1.00
27960,36.721147,-4.359757,46.7,0.94
27965,36.721157,-4.359811,46.7,0.88
27970,36.721162,-4.359867,46.8,0.81
27975,36.721165,-4.359923,46.8,0.74
27980,36.721173,-4.359978,46.9,0.67
27985,36.721175,-4.360034,46.9,0.63
27990,36.721173,-4.360090,46.9,0.63
27995,36.721170,-4.360146,46.9,0.63
28000,36.721169,-4.360202,47.0,0.64
28005,36.721169,-4.360257,47.0,0.65
28010,36.721169,-4.360313,47.1,0.66
28015,36.721169,-4.360369,47.1,0.66
28020,36.721171,-4.360425,47.1,0.66
28025,36.721176,-4.360481,47.1,0.66
28030,36.721181,-4.360537,47.2,0.68
28035,36.721186,-4.360592,47.2,0.67
28040,36.721191,-4.360648,47.3,0.61
28045,36.721197,-4.360703,47.3,0.59
28050,36.721202,-4.360759,47.3,0.59
28055,36.721207,-4.360814,47.3,0.59
28060,36.721212,-4.360870,47.4,0.59
28065,36.721217,-4.360925,47.4,0.58
28070,36.721223,-4.360981,47.4,0.58
28075,36.721227,-4.361036,47.5,0.54
28080,36.721229,-4.361092,47.5,0.53
28085,36.721235,-4.361148,47.5,0.53
28090,36.721239,-4.361203,47.5,0.55
28095,36.721242,-4.361259,47.6,0.60
28100,36.721248,-4.361314,47.6,0.64
28105,36.721249,-4.361370,47.6,0.69
28110,36.721253,-4.361426,47.7,0.70
28115,36.721260,-4.361482,47.7,0.72
28120,36.721263,-4.361537,47.7,0.78
28125,36.721271,-4.361592,47.8,0.84
28130,36.721279,-4.361647,47.8,0.92
28135,36.721282,-4.361702,47.9,0.93
28140,36.721285,-4.361758,47.9,0.97
28145,36.721290,-4.361814,48.0,1.01
28150,36.721300,-4.361868,48.0,1.02
28155,36.721310,-4.361923,48.1,1.04
28160,36.721320,-4.361978,48.1,1.05
28165,36.721328,-4.362033,48.2,1.10
28170,36.721336,-4.362088,48.2,1.10
28175,36.721343,-4.362143,48.3,1.09
28180,36.721355,-4.362196,48.3,1.08
28185,36.721368,-4.362250,48.4,1.08
28190,36.721381,-4.362303,48.4,1.21
28195,36.721392,-4.362357,48.5,1.36
28200,36.721402,-4.362412,48.6,1.50
28205,36.721412,-4.362467,48.7,1.63
28210,36.721428,-4.362520,48.7,1.70
28215,36.721448,-4.362570,48.8,1.74
28220,36.721467,-4.362620,48.9,1.67
28225,36.721486,-4.362671,49.0,1.59
28230,36.721531,-4.362772,49.1,1.48
28235,36.721544,-4.362826,49.2,1.36
28240,36.721560,-4.362878,49.2,1.27
28245,36.721574,-4.362930,49.3,1.07
28250,36.721591,-4.362982,49.3,0.87
28255,36.721614,-4.363030,49.4,0.69
28260,36.721636,-4.363079,49.4,0.58
28265,36.721654,-4.363130,49.4,0.54
28270,36.721669,-4.363182,49.4,0.56
28275,36.721687,-4.363234,49.5,0.70
28280,36.721708,-4.363284,49.5,0.89
28285,36.721729,-4.363334,49.6,1.07
28290,36.721750,-4.363384,49.6,1.25
28295,36.721769,-4.363434,49.7,1.43
28300,36.721787,-4.363485,49.8,1.63
28305,36.721804,-4.363537,49.8,1.83
28310,36.721819,-4.363589,49.9,2.02
28315,36.721836,-4.363641,50.0,2.23
28320,36.721851,-4.363694,50.2,2.41
28325,36.721867,-4.363746,50.3,2.54
28330,36.721885,-4.363798,50.4,2.65
28335,36.721902,-4.363850,50.6,2.72
28340,36.721916,-4.363903,50.7,2.79
28345,36.721932,-4.363956,50.8,2.86
28350,36.721946,-4.364008,51.0,2.92
28355,36.721956,-4.364063,51.1,2.96
28360,36.721969,-4.364117,51.3,2.95
28365,36.721981,-4.364171,51.4,2.92
28370,36.721992,-4.364225,51.6,2.84
28375,36.722006,-4.364278,51.7,2.73
28380,36.722021,-4.364331,51.9,2.62
28385,36.722033,-4.364385,52.0,2.53
28390,36.722042,-4.364440,52.1,2.53
28395,36.722053,-4.364494,52.2,2.61
28400,36.722066,-4.364548,52.3,2.71
28405,36.722079,-4.364602,52.5,2.81
28410,36.722088,-4.364657,52.6,2.93
28415,36.722094,-4.364712,52.8,3.05
28420,36.722101,-4.364767,52.9,3.14
28425,36.722109,-4.364822,53.1,3.22
28430,36.722120,-4.364876,53.3,3.30
28435,36.722133,-4.364931,53.4,3.39
28440,36.722143,-4.364985,53.6,3.43
28445,36.722151,-4.365040,53.8,3.42
28450,36.722163,-4.365094,54.0,3.33
28455,36.722175,-4.365148,54.1,3.24
28460,36.722187,-4.365202,54.3,3.15
28465,36.722199,-4.365256,54.4,3.05
28470,36.722212,-4.365310,54.6,3.01
28475,36.722221,-4.365365,54.7,3.00
28480,36.722224,-4.365420,54.9,2.97
28485,36.722231,-4.365476,55.0,2.92
28490,36.722235,-4.365531,55.2,2.85
28495,36.722240,-4.365587,55.3,2.77
28500,36.722247,-4.365643,55.5,2.64
28505,36.722253,-4.365698,55.6,2.46
28510,36.722261,-4.365753,55.7,2.27
28515,36.722270,-4.365807,55.8,2.05
28520,36.722276,-4.365863,55.9,1.77
28525,36.722284,-4.365918,56.0,1.40
28530,36.722292,-4.365973,56.1,1.02
28535,36.722301,-4.366027,56.1,0.70
28540,36.722310,-4.366083,56.1,0.40
28545,36.722318,-4.366138,56.1,0.10
28550,36.722325,-4.366193,56.1,-0.17
28555,36.722327,-4.366249,56.1,-0.34
28560,36.722331,-4.366305,56.1,-0.51
28565,36.722337,-4.366361,56.1,-0.72
28570,36.722343,-4.366416,56.0,-0.93
28575,36.722351,-4.366471,56.0,-1.07
28580,36.722360,-4.366526,55.9,-1.18
28585,36.722369,-4.366581,55.8,-1.32
28590,36.722378,-4.366635,55.8,-1.47
28595,36.722384,-4.366691,55.7,-1.61
28600,36.722393,-4.366746,55.6,-1.75
28605,36.722402,-4.366801,55.5,-1.92
28610,36.722411,-4.366856,55.4,-2.12
28615,36.722420,-4.366911,55.3,-2.23
28620,36.722425,-4.366966,55.2,-2.28
28625,36.722432,-4.367021,55.1,-2.28
28630,36.722440,-4.367077,55.0,-2.30
28635,36.722445,-4.367132,54.9,-2.32
28640,36.722451,-4.367188,54.7,-2.29
28645,36.722456,-4.367243,54.6,-2.29
28650,36.722461,-4.367299,54.5,-2.32
28655,36.722466,-4.367354,54.4,-2.33
28660,36.722470,-4.367410,54.3,-2.31
28665,36.722473,-4.367466,54.2,-2.28
28670,36.722473,-4.367522,54.0,-2.30
28675,36.722474,-4.367578,53.9,-2.32
28680,36.722476,-4.367634,53.8,-2.32
28685,36.722479,-4.367690,53.7,-2.32
28690,36.722481,-4.367746,53.6,-2.32
28695,36.722481,-4.367801,53.5,-2.33
28700,36.722481,-4.367857,53.3,-2.30
28705,36.722481,-4.367913,53.2,-2.25
28710,36.722484,-4.367969,53.1,-2.20
28715,36.722486,-4.368025,53.0,-2.15
28720,36.722488,-4.368081,52.9,-2.08
28725,36.722488,-4.368137,52.8,-2.01
28730,36.722490,-4.368193,52.7,-1.97
28735,36.722492,-4.368249,52.6,-1.98
28740,36.722492,-4.368305,52.5,-2.02
28745,36.722494,-4.368361,52.4,-2.07
28750,36.722495,-4.368417,52.3,-2.12
28755,36.722493,-4.368473,52.2,-2.16
28760,36.722492,-4.368529,52.1,-2.21
28765,36.722492,-4.368585,52.0,-2.25
28770,36.722490,-4.368641,51.9,-2.26
28775,36.722490,-4.368697,51.8,-2.25
28780,36.722492,-4.368753,51.6,-2.24
28785,36.722492,-4.368809,51.5,-2.20
28790,36.722492,-4.368865,51.4,-2.11
28795,36.722489,-4.368920,51.3,-1.98
28800,36.722488,-4.368976,51.2,-1.87
28805,36.722488,-4.369032,51.1,-1.79
28810,36.722486,-4.369088,51.0,-1.71
28815,36.722485,-4.369144,51.0,-1.66
28820,36.722485,-4.369200,50.9,-1.64
28825,36.722485,-4.369256,50.8,-1.67
28830,36.722485,-4.369312,50.7,-1.73
28835,36.722483,-4.369368,50.6,-1.78
28840,36.722481,-4.369424,50.5,-1.81
28845,36.722483,-4.369480,50.4,-1.88
28850,36.722484,-4.369536,50.3,-1.95
28855,36.722481,-4.369592,50.2,-1.99
28860,36.722481,-4.369648,50.1,-1.98
28865,36.722481,-4.369704,50.0,-1.95
28870,36.722483,-4.369760,49.9,-1.94
28875,36.722486,-4.369816,49.8,-1.90
28880,36.722488,-4.369872,49.8,-1.84
28885,36.722486,-4.369928,49.7,-1.79
28890,36.722485,-4.369984,49.6,-1.77
28895,36.722485,-4.370040,49.5,-1.78
28900,36.722483,-4.370095,49.4,-1.75
28905,36.722481,-4.370151,49.3,-1.69
28910,36.722478,-4.370207,49.2,-1.59
28915,36.722475,-4.370263,49.1,-1.48
28920,36.722470,-4.370319,49.1,-1.36
28925,36.722468,-4.370375,49.0,-1.20
28930,36.722466,-4.370431,49.0,-1.03
28935,36.722466,-4.370487,48.9,-0.87
28940,36.722466,-4.370542,48.9,-0.71
28945,36.722466,-4.370598,48.8,-0.52
28950,36.722466,-4.370654,48.8,-0.35
28955,36.722466,-4.370710,48.8,-0.20
28960,36.722466,-4.370766,48.8,-0.10
28965,36.722466,-4.370822,48.8,-0.03
28970,36.722466,-4.370878,48.8,0.00
28975,36.722467,-4.370934,48.8,0.00
28980,36.722469,-4.370990,48.8,0.00
28985,36.722464,-4.371046,48.8,0.00
28990,36.722462,-4.371102,48.8,0.00
28995,36.722462,-4.371158,48.8,0.00
29000,36.722464,-4.371214,48.8,0.00
29005,36.722465,-4.371270,48.8,0.00
29010,36.722463,-4.371326,48.8,0.00
29015,36.722462,-4.371382,48.8,0.00
29020,36.722462,-4.371438,48.8,0.00
29025,36.722462,-4.371494,48.8,0.00
29030,36.722463,-4.371549,48.8,0.00
29035,36.722468,-4.371605,48.8,0.00
29040,36.722471,-4.371661,48.8,0.00
29045,36.722473,-4.371717,48.8,0.00
29050,36.722476,-4.371773,48.8,0.00
29055,36.722476,-4.371829,48.8,0.00
29060,36.722474,-4.371885,48.8,0.00
29065,36.722473,-4.371941,48.8,0.00
29070,36.722473,-4.371997,48.8,0.00
29075,36.722466,-4.372052,48.8,0.00
29080,36.722462,-4.372108,48.8,-0.02
29085,36.722462,-4.372164,48.8,-0.09
29090,36.722460,-4.372220,48.8,-0.15
29095,36.722458,-4.372276,48.8,-0.21
29100,36.722458,-4.372332,48.8,-0.27
29105,36.722458,-4.372388,48.8,-0.33
29110,36.722458,-4.372444,48.7,-0.36
29115,36.722461,-4.372499,48.7,-0.36
29120,36.722462,-4.372555,48.7,-0.31
29125,36.722462,-4.372611,48.7,-0.25
29130,36.722464,-4.372667,48.7,-0.18
29135,36.722465,-4.372723,48.7,-0.06
29140,36.722465,-4.372779,48.7,0.12
29145,36.722463,-4.372835,48.7,0.30
29150,36.722462,-4.372891,48.7,0.43
29155,36.722462,-4.372947,48.7,0.59
29160,36.722462,-4.373003,48.8,0.77
29165,36.722462,-4.373059,48.8,0.89
29170,36.722464,-4.373115,48.8,0.94
29175,36.722468,-4.373171,48.9,0.95
29180,36.722473,-4.373227,48.9,0.95
29185,36.722469,-4.373282,49.0,0.97
29190,36.722466,-4.373338,49.0,0.93
29195,36.722463,-4.373394,49.1,0.87
29200,36.722458,-4.373449,49.1,0.86
29205,36.722462,-4.373505,49.2,0.95
29210,36.722462,-4.373561,49.2,1.08
29215,36.722473,-4.373687,49.3,1.18
29220,36.722477,-4.373742,49.3,1.39
29225,36.722477,-4.373798,49.4,1.63
29230,36.722479,-4.373854,49.5,1.83
29235,36.722483,-4.373910,49.6,1.97
29240,36.722487,-4.373966,49.7,2.03
29245,36.722488,-4.374021,49.8,2.02
29250,36.722488,-4.374078,49.9,1.92
29255,36.722488,-4.374133,50.0,1.75
29260,36.722494,-4.374189,50.1,1.50
29265,36.722499,-4.374245,50.2,1.14
29270,36.722502,-4.374300,50.2,0.74
29275,36.722504,-4.374356,50.3,0.26
29280,36.722505,-4.374412,50.3,-0.22
29285,36.722510,-4.374468,50.2,-0.67
29290,36.722515,-4.374524,50.2,-1.06
29295,36.722515,-4.374580,50.1,-1.40
29300,36.722509,-4.374635,50.0,-1.65
29305,36.722503,-4.374690,49.9,-1.75
29310,36.722500,-4.374746,49.8,-1.85
29315,36.722498,-4.374802,49.7,-1.93
29320,36.722495,-4.374857,49.6,-1.93
29325,36.722492,-4.374914,49.5,-1.89
29330,36.722489,-4.374970,49.4,-1.81
29335,36.722488,-4.375026,49.4,-1.75
29340,36.722488,-4.375081,49.3,-1.66
29345,36.722488,-4.375137,49.2,-1.53
29350,36.722486,-4.375193,49.1,-1.45
29355,36.722483,-4.375249,49.0,-1.34
29360,36.722478,-4.375305,49.0,-1.26
29365,36.722471,-4.375360,48.9,-1.16
29370,36.722464,-4.375415,48.9,-1.07
29375,36.722459,-4.375471,48.8,-1.05
29380,36.722453,-4.375527,48.8,-0.99
29385,36.722446,-4.375582,48.7,-0.93
29390,36.722440,-4.375637,48.7,-0.87
29395,36.722433,-4.375692,48.6,-0.85
29400,36.722424,-4.375747,48.6,-0.81
29405,36.722414,-4.375802,48.6,-0.70
29410,36.722412,-4.375858,48.5,-0.61
29415,36.722411,-4.375914,48.5,-0.55
29420,36.722406,-4.375969,48.5,-0.49
29425,36.722403,-4.376025,48.4,-0.39
29430,36.722401,-4.376081,48.4,-0.28
29435,36.722398,-4.376137,48.4,-0.24
29440,36.722396,-4.376193,48.4,-0.24
29445,36.722394,-4.376249,48.4,-0.24
29450,36.722390,-4.376305,48.4,-0.24
29455,36.722386,-4.376361,48.4,-0.27
29460,36.722383,-4.376416,48.4,-0.28
29465,36.722382,-4.376472,48.3,-0.25
29470,36.722382,-4.376528,48.3,-0.19
29475,36.722380,-4.376584,48.3,-0.13
29480,36.722378,-4.376640,48.3,-0.07
29485,36.722375,-4.376696,48.3,-0.02
29490,36.722370,-4.376751,48.3,0.03
29495,36.722362,-4.376807,48.3,0.09
29500,36.722354,-4.376862,48.3,0.16
29505,36.722350,-4.376917,48.3,0.28
29510,36.722347,-4.376973,48.3,0.39
29515,36.722344,-4.377029,48.4,0.47
29520,36.722342,-4.377085,48.4,0.50
29525,36.722338,-4.377141,48.4,0.50
29530,36.722333,-4.377197,48.5,0.51
29535,36.722330,-4.377252,48.5,0.52
29540,36.722327,-4.377308,48.5,0.52
29545,36.722322,-4.377364,48.5,0.56
29550,36.722316,-4.377420,48.6,0.63
29555,36.722310,-4.377475,48.6,0.68
29560,36.722303,-4.377530,48.6,0.70
29565,36.722295,-4.377585,48.7,0.70
29570,36.722287,-4.377640,48.7,0.70
29575,36.722279,-4.377695,48.7,0.75
29580,36.722270,-4.377750,48.8,0.81
29585,36.722262,-4.377805,48.8,0.88
29590,36.722253,-4.377860,48.9,0.96
29595,36.722243,-4.377915,48.9,1.02
29600,36.722234,-4.377969,49.0,1.07
29605,36.722226,-4.378024,49.0,1.09
29610,36.722217,-4.378079,49.1,1.14
29615,36.722211,-4.378135,49.1,1.17
29620,36.722204,-4.378190,49.2,1.15
29625,36.722196,-4.378245,49.2,1.09
29630,36.722188,-4.378300,49.3,0.98
29635,36.722178,-4.378355,49.4,0.86
29640,36.722169,-4.378410,49.4,0.66
29645,36.722163,-4.378465,49.4,0.46
29650,36.722155,-4.378520,49.4,0.30
29655,36.722146,-4.378575,49.4,0.22
29660,36.722137,-4.378630,49.4,0.20
29665,36.722127,-4.378684,49.4,0.15
29670,36.722118,-4.378739,49.5,0.08
29675,36.722109,-4.378794,49.5,0.03
29680,36.722103,-4.378849,49.5,0.03
29685,36.722096,-4.378905,49.5,-0.01
29690,36.722089,-4.378960,49.5,-0.07
29695,36.722081,-4.379015,49.5,-0.07
29700,36.722074,-4.379071,49.5,-0.04
29705,36.722067,-4.379126,49.5,-0.00
29710,36.722062,-4.379182,49.5,-0.04
29715,36.722056,-4.379237,49.5,-0.10
29720,36.722046,-4.379292,49.5,-0.16
29725,36.722040,-4.379347,49.4,-0.19
29730,36.722034,-4.379402,49.4,-0.19
29735,36.722021,-4.379456,49.4,-0.19
29740,36.722013,-4.379511,49.4,-0.15
29745,36.722007,-4.379566,49.4,-0.07
29750,36.722000,-4.379622,49.4,0.05
29755,36.721992,-4.379677,49.4,0.14
29760,36.721985,-4.379732,49.4,0.20
29765,36.721978,-4.379787,49.4,0.26
29770,36.721972,-4.379843,49.4,0.32
29775,36.721966,-4.379898,49.5,0.36
29780,36.721961,-4.379954,49.5,0.36
29785,36.721955,-4.380009,49.5,0.36
29790,36.721949,-4.380065,49.5,0.36
29795,36.721942,-4.380120,49.5,0.36
29800,36.721937,-4.380176,49.6,0.34
29805,36.721932,-4.380231,49.6,0.29
29810,36.721925,-4.380287,49.6,0.28
29815,36.721918,-4.380342,49.6,0.28
29820,36.721913,-4.380398,49.6,0.28
29825,36.721910,-4.380453,49.6,0.28
29830,36.721908,-4.380509,49.6,0.30
29835,36.721902,-4.380565,49.7,0.36
29840,36.721896,-4.380620,49.7,0.42
29845,36.721889,-4.380676,49.7,0.48
29850,36.721886,-4.380732,49.7,0.54
29855,36.721884,-4.380787,49.7,0.65
29860,36.721882,-4.380843,49.8,0.76
29865,36.721882,-4.380899,49.8,0.82
29870,36.721882,-4.380955,49.9,0.84
29875,36.721882,-4.381011,49.9,0.84
29880,36.721885,-4.381067,50.0,0.83
29885,36.721889,-4.381123,50.0,0.79
29890,36.721893,-4.381178,50.0,0.73
29895,36.721893,-4.381234,50.1,0.67
29900,36.721894,-4.381290,50.1,0.63
29905,36.721897,-4.381346,50.1,0.63
29910,36.721904,-4.381401,50.2,0.59
29915,36.721909,-4.381457,50.2,0.53
29920,36.721912,-4.381513,50.2,0.47
29925,36.721914,-4.381569,50.2,0.50
29930,36.721917,-4.381624,50.3,0.54
29935,36.721920,-4.381680,50.3,0.54
29940,36.721924,-4.381736,50.3,0.62
29945,36.721928,-4.381792,50.3,0.74
29950,36.721932,-4.381848,50.4,0.86
29955,36.721937,-4.381903,50.4,0.92
29960,36.721942,-4.381959,50.5,0.92
29965,36.721950,-4.382014,50.5,0.92
29970,36.721958,-4.382069,50.6,0.93
29975,36.721968,-4.382123,50.6,0.93
29980,36.721976,-4.382178,50.7,0.89
29985,36.721984,-4.382233,50.7,0.85
29990,36.721994,-4.382289,50.8,0.88
29995,36.722000,-4.382344,50.8,0.90
30000,36.722008,-4.382398,50.8,0.87
30005,36.722018,-4.382453,50.9,0.80
30010,36.722024,-4.382509,50.9,0.78
30015,36.722030,-4.382564,51.0,0.78
30020,36.722038,-4.382619,51.0,0.75
30025,36.722049,-4.382674,51.0,0.65
30030,36.722057,-4.382729,51.1,0.53
30035,36.722061,-4.382785,51.1,0.41
30040,36.722061,-4.382841,51.1,0.29
30045,36.722055,-4.382896,51.1,0.14
30050,36.722051,-4.382952,51.1,-0.04
30055,36.722050,-4.383008,51.1,-0.15
30060,36.722050,-4.383064,51.1,-0.21
30065,36.722042,-4.383119,51.1,-0.27
30070,36.722032,-4.383174,51.1,-0.33
30075,36.722020,-4.383228,51.1,-0.32
30080,36.722004,-4.383281,51.0,-0.22
30085,36.721989,-4.383334,51.0,-0.10
30090,36.721975,-4.383386,51.0,0.02
30095,36.721960,-4.383439,51.0,0.14
30100,36.721945,-4.383492,51.0,0.26
30105,36.721934,-4.383546,51.1,0.34
30110,36.721922,-4.383600,51.1,0.36
30115,36.721909,-4.383654,51.1,0.36
30120,36.721895,-4.383707,51.1,0.36
30125,36.721879,-4.383759,51.1,0.36
30130,36.721867,-4.383813,51.2,0.32
30135,36.721855,-4.383867,51.2,0.26
30140,36.721846,-4.383922,51.2,0.20
30145,36.721836,-4.383976,51.2,0.14
30150,36.721827,-4.384031,51.2,0.08
30155,36.721815,-4.384085,51.2,0.02
30160,36.721801,-4.384137,51.2,0.00
30165,36.721786,-4.384190,51.2,0.00
30170,36.721769,-4.384242,51.2,0.00
30175,36.721751,-4.384293,51.2,0.00
30180,36.721734,-4.384345,51.2,0.00
30185,36.721718,-4.384397,51.2,0.00
30190,36.721704,-4.384451,51.2,0.00
30195,36.721690,-4.384504,51.2,0.00
30200,36.721678,-4.384558,51.2,0.00
30205,36.721664,-4.384611,51.2,0.00
30210,36.721648,-4.384663,51.2,0.00
30215,36.721631,-4.384715,51.2,0.00
30220,36.721615,-4.384767,51.2,0.00
30225,36.721600,-4.384820,51.2,0.00
30230,36.721583,-4.384873,51.2,0.00
30235,36.721572,-4.384927,51.2,0.00
30240,36.721565,-4.384983,51.2,0.00
30245,36.721563,-4.385038,51.2,0.00
30250,36.721561,-4.385094,51.2,0.00
30255,36.721559,-4.385150,51.2,0.00
30260,36.721558,-4.385206,51.2,0.00
30265,36.721558,-4.385262,51.2,0.04
30270,36.721558,-4.385318,51.2,0.10
30275,36.721558,-4.385374,51.2,0.16
30280,36.721558,-4.385430,51.2,0.27
30285,36.721559,-4.385486,51.2,0.39
30290,36.721564,-4.385541,51.2,0.51
30295,36.721568,-4.385597,51.3,0.59
30300,36.721573,-4.385653,51.3,0.67
30305,36.721580,-4.385708,51.4,0.79
30310,36.721588,-4.385763,51.4,0.86
30315,36.721600,-4.385817,51.4,0.92
30320,36.721611,-4.385871,51.5,0.94
30325,36.721619,-4.385926,51.5,0.94
30330,36.721626,-4.385982,51.6,0.97
30335,36.721636,-4.386036,51.6,0.93
30340,36.721647,-4.386091,51.7,0.87
30345,36.721659,-4.386145,51.7,0.81
30350,36.721674,-4.386197,51.8,0.79
30355,36.721688,-4.386250,51.8,0.78
30360,36.721704,-4.386302,51.8,0.74
30365,36.721725,-4.386353,51.9,0.72
30370,36.721743,-4.386403,51.9,0.76
30375,36.721765,-4.386453,51.9,0.86
30380,36.721784,-4.386504,52.0,0.92
30385,36.721801,-4.386555,52.0,0.94
30390,36.721819,-4.386606,52.1,0.94
30395,36.721843,-4.386655,52.1,0.94
30400,36.721861,-4.386706,52.2,0.90
30405,36.721876,-4.386758,52.2,0.80
30410,36.721900,-4.386806,52.3,0.73
30415,36.721960,-4.386896,52.3,0.62
30420,36.721985,-4.386942,52.3,0.50
30425,36.722005,-4.386992,52.4,0.34
30430,36.722026,-4.387042,52.4,0.12
30435,36.722048,-4.387091,52.4,-0.06
30440,36.722068,-4.387141,52.4,-0.24
30445,36.722090,-4.387190,52.3,-0.38
30450,36.722113,-4.387239,52.3,-0.50
30455,36.722134,-4.387288,52.3,-0.57
30460,36.722154,-4.387338,52.3,-0.54
30465,36.722174,-4.387388,52.2,-0.54
30470,36.722193,-4.387438,52.2,-0.49
30475,36.722215,-4.387487,52.2,-0.37
30480,36.722238,-4.387536,52.2,-0.25
30485,36.722259,-4.387586,52.1,-0.15
30490,36.722276,-4.387637,52.1,-0.08
30495,36.722292,-4.387689,52.1,-0.01
30500,36.722308,-4.387742,52.1,0.06
30505,36.722322,-4.387794,52.1,0.12
30510,36.722334,-4.387848,52.2,0.17
30515,36.722344,-4.387903,52.2,0.17
30520,36.722355,-4.387957,52.2,0.18
30525,36.722364,-4.388012,52.2,0.22
30530,36.722371,-4.388067,52.2,0.23
30535,36.722379,-4.388123,52.2,0.23
30540,36.722385,-4.388178,52.2,0.25
30545,36.722389,-4.388234,52.2,0.31
30550,36.722392,-4.388290,52.3,0.36
30555,36.722398,-4.388345,52.3,0.36
30560,36.722405,-4.388400,52.3,0.36
30565,36.722408,-4.388456,52.3,0.36
30570,36.722413,-4.388512,52.3,0.36
30575,36.722418,-4.388567,52.3,0.35
30580,36.722423,-4.388623,52.4,0.30
30585,36.722426,-4.388679,52.4,0.24
30590,36.722430,-4.388735,52.4,0.18
30595,36.722435,-4.388790,52.4,0.15
30600,36.722440,-4.388846,52.4,0.15
30605,36.722445,-4.388901,52.4,0.16
30610,36.722450,-4.388957,52.4,0.21
30615,36.722453,-4.389013,52.4,0.27
30620,36.722456,-4.389069,52.4,0.29
30625,36.722458,-4.389125,52.5,0.26
30630,36.722461,-4.389180,52.5,0.20
30635,36.722463,-4.389236,52.5,0.14
30640,36.722466,-4.389292,52.5,0.08
30645,36.722471,-4.389348,52.5,0.02
30650,36.722476,-4.389403,52.5,-0.03
30655,36.722481,-4.389459,52.5,-0.09
30660,36.722483,-4.389515,52.5,-0.15
30665,36.722485,-4.389571,52.5,-0.21
30670,36.722485,-4.389627,52.5,-0.27
30675,36.722487,-4.389683,52.4,-0.29
30680,36.722489,-4.389739,52.4,-0.26
30685,36.722492,-4.389794,52.4,-0.20
30690,36.722494,-4.389850,52.4,-0.14
30695,36.722497,-4.389906,52.4,-0.08
30700,36.722499,-4.389962,52.4,-0.02
30705,36.722500,-4.390018,52.4,0.00
30710,36.722501,-4.390074,52.4,0.00
30715,36.722505,-4.390130,52.4,0.00
30720,36.722509,-4.390186,52.4,0.00
30725,36.722511,-4.390242,52.4,0.00
30730,36.722514,-4.390297,52.4,0.00
30735,36.722517,-4.390353,52.4,0.00
30740,36.722522,-4.390409,52.4,0.01
30745,36.722525,-4.390465,52.4,0.05
30750,36.722528,-4.390521,52.4,0.11
30755,36.722533,-4.390576,52.4,0.17
30760,36.722538,-4.390632,52.4,0.23
30765,36.722542,-4.390688,52.4,0.29
30770,36.722545,-4.390743,52.5,0.34
30775,36.722549,-4.390799,52.5,0.36
30780,36.722554,-4.390855,52.5,0.36
30785,36.722558,-4.390911,52.5,0.36
30790,36.722563,-4.390966,52.5,0.36
30795,36.722568,-4.391022,52.5,0.36
30800,36.722573,-4.391077,52.6,0.32
30805,36.722578,-4.391133,52.6,0.26
30810,36.722583,-4.391189,52.6,0.19
30815,36.722586,-4.391245,52.6,0.13
30820,36.722590,-4.391300,52.6,0.06
30825,36.722597,-4.391356,52.6,-0.04
30830,36.722605,-4.391411,52.6,-0.12
30835,36.722613,-4.391466,52.6,-0.18
30840,36.722623,-4.391520,52.6,-0.24
30845,36.722632,-4.391575,52.6,-0.31
30850,36.722641,-4.391631,52.5,-0.35
30855,36.722653,-4.391684,52.5,-0.36
30860,36.722666,-4.391737,52.5,-0.36
30865,36.722682,-4.391790,52.5,-0.36
30870,36.722698,-4.391842,52.5,-0.36
30875,36.722714,-4.391893,52.5,-0.35
30880,36.722735,-4.391944,52.4,-0.30
30885,36.722755,-4.391995,52.4,-0.24
30890,36.722774,-4.392045,52.4,-0.18
30895,36.722796,-4.392094,52.4,-0.15
30900,36.722817,-4.392144,52.4,-0.15
30905,36.722836,-4.392193,52.4,-0.17
30910,36.722858,-4.392242,52.4,-0.22
30915,36.722882,-4.392292,52.4,-0.28
30920,36.722901,-4.392341,52.4,-0.38
30925,36.722922,-4.392391,52.3,-0.47
30930,36.722946,-4.392439,52.3,-0.53
30935,36.722968,-4.392487,52.3,-0.59
30940,36.722989,-4.392536,52.2,-0.65
30945,36.723008,-4.392586,52.2,-0.71
30950,36.723027,-4.392637,52.2,-0.72
30955,36.723046,-4.392688,52.1,-0.72
30960,36.723063,-4.392740,52.1,-0.72
30965,36.723080,-4.392792,52.1,-0.75
30970,36.723097,-4.392844,52.0,-0.81
30975,36.723112,-4.392897,52.0,-0.82
30980,36.723125,-4.392951,52.0,-0.84
30985,36.723135,-4.393005,51.9,-0.90
30990,36.723142,-4.393060,51.9,-0.96
30995,36.723149,-4.393115,51.8,-1.01
31000,36.723157,-4.393171,51.8,-1.06
31005,36.723163,-4.393226,51.7,-1.14
31010,36.723167,-4.393282,51.6,-1.18
31015,36.723170,-4.393338,51.6,-1.18
31020,36.723171,-4.393394,51.5,-1.18
31025,36.723171,-4.393450,51.5,-1.17
31030,36.723169,-4.393506,51.4,-1.12
31035,36.723167,-4.393562,51.4,-1.07
31040,36.723167,-4.393618,51.3,-1.01
31045,36.723169,-4.393674,51.2,-0.97
31050,36.723170,-4.393729,51.2,-0.96
31055,36.723163,-4.393785,51.2,-0.91
31060,36.723160,-4.393841,51.1,-0.87
31065,36.723160,-4.393897,51.1,-0.87
31070,36.723156,-4.393953,51.0,-0.93
31075,36.723152,-4.394009,51.0,-0.95
31080,36.723152,-4.394065,50.9,-0.90
31085,36.723151,-4.394120,50.9,-0.89
31090,36.723149,-4.394176,50.8,-0.88
31095,36.723146,-4.394232,50.8,-0.83
31100,36.723145,-4.394288,50.8,-0.75
31105,36.723145,-4.394344,50.7,-0.65
31110,36.723146,-4.394400,50.7,-0.59
31115,36.723148,-4.394456,50.7,-0.51
31120,36.723146,-4.394512,50.6,-0.40
31125,36.723143,-4.394567,50.6,-0.28
31130,36.723141,-4.394623,50.6,-0.18
31135,36.723137,-4.394679,50.6,-0.12
31140,36.723132,-4.394735,50.6,-0.06
31145,36.723125,-4.394790,50.6,-0.01
31150,36.723117,-4.394845,50.6,0.00
31155,36.723108,-4.394900,50.6,0.00
31160,36.723099,-4.394955,50.6,0.00
31165,36.723089,-4.395010,50.6,0.00
31170,36.723077,-4.395064,50.6,0.00
31175,36.723065,-4.395118,50.6,0.00
31180,36.723053,-4.395171,50.6,0.00
31185,36.723039,-4.395225,50.6,0.00
31190,36.723024,-4.395278,50.6,0.00
31195,36.723010,-4.395331,50.6,0.00
31200,36.722994,-4.395383,50.6,0.00
31205,36.722977,-4.395435,50.6,0.00
31210,36.722961,-4.395487,50.6,0.00
31215,36.722944,-4.395539,50.6,0.00
31220,36.722926,-4.395590,50.6,0.00
31225,36.722909,-4.395642,50.6,-0.03
31230,36.722892,-4.395693,50.6,-0.09
31235,36.722871,-4.395744,50.6,-0.15
31240,36.722851,-4.395794,50.6,-0.21
31245,36.722833,-4.395845,50.6,-0.28
31250,36.722812,-4.395895,50.6,-0.34
31255,36.722792,-4.395945,50.5,-0.36
31260,36.722773,-4.395996,50.5,-0.36
31265,36.722755,-4.396047,50.5,-0.36
31270,36.722736,-4.396098,50.5,-0.36
31275,36.722720,-4.396149,50.5,-0.36
31280,36.722701,-4.396200,50.4,-0.33
31285,36.722682,-4.396251,50.4,-0.27
31290,36.722660,-4.396300,50.4,-0.21
31295,36.722639,-4.396350,50.4,-0.15
31300,36.722620,-4.396401,50.4,-0.09
31305,36.722600,-4.396451,50.4,-0.03
31310,36.722579,-4.396501,50.4,0.00
31315,36.722560,-4.396551,50.4,0.00
31320,36.722540,-4.396602,50.4,0.00
31325,36.722519,-4.396652,50.4,0.00
31330,36.722500,-4.396703,50.4,0.00
31335,36.722482,-4.396753,50.4,0.00
31340,36.722463,-4.396804,50.4,0.00
31345,36.722446,-4.396856,50.4,0.00
31350,36.722429,-4.396908,50.4,0.00
31355,36.722411,-4.396959,50.4,-0.03
31360,36.722392,-4.397010,50.4,-0.09
31365,36.722373,-4.397061,50.4,-0.15
31370,36.722357,-4.397113,50.4,-0.19
31375,36.722343,-4.397165,50.4,-0.20
31380,36.722327,-4.397217,50.4,-0.20
31385,36.722311,-4.397270,50.3,-0.16
31390,36.722297,-4.397323,50.3,-0.10
31395,36.722281,-4.397376,50.3,-0.06
31400,36.722265,-4.397429,50.3,-0.07
31405,36.722251,-4.397482,50.3,-0.12
31410,36.722236,-4.397535,50.3,-0.15
31415,36.722220,-4.397587,50.3,-0.15
31420,36.722205,-4.397640,50.3,-0.15
31425,36.722190,-4.397692,50.3,-0.16
31430,36.722177,-4.397745,50.3,-0.17
31435,36.722163,-4.397799,50.3,-0.17
31440,36.722150,-4.397853,50.3,-0.20
31445,36.722138,-4.397906,50.3,-0.26
31450,36.722126,-4.397960,50.3,-0.31
31455,36.722112,-4.398014,50.2,-0.30
31460,36.722100,-4.398068,50.2,-0.24
31465,36.722090,-4.398122,50.2,-0.18
31470,36.722077,-4.398175,50.2,-0.12
31475,36.722063,-4.398228,50.2,-0.06
31480,36.722049,-4.398282,50.2,-0.05
31485,36.722036,-4.398336,50.2,-0.08
31490,36.722022,-4.398389,50.2,-0.10
31495,36.722006,-4.398441,50.2,-0.10
31500,36.721990,-4.398494,50.2,-0.10
31505,36.721976,-4.398547,50.2,-0.10
31510,36.721962,-4.398600,50.2,-0.06
31515,36.721947,-4.398654,50.2,-0.01
31520,36.721935,-4.398707,50.2,-0.03
31525,36.721923,-4.398761,50.2,-0.09
31530,36.721909,-4.398814,50.2,-0.15
31535,36.721895,-4.398867,50.2,-0.17
31540,36.721881,-4.398921,50.1,-0.19
31545,36.721867,-4.398974,50.1,-0.24
31550,36.721855,-4.399027,50.1,-0.27
31555,36.721843,-4.399081,50.1,-0.27
31560,36.721829,-4.399135,50.1,-0.27
31565,36.721815,-4.399189,50.1,-0.30
31570,36.721803,-4.399242,50.1,-0.35
31575,36.721790,-4.399296,50.0,-0.33
31580,36.721776,-4.399350,50.0,-0.27
31585,36.721764,-4.399403,50.0,-0.17
31590,36.721750,-4.399456,50.0,-0.05
31595,36.721733,-4.399507,50.0,0.07
31600,36.721717,-4.399560,50.0,0.19
31605,36.721700,-4.399612,50.0,0.28
31610,36.721686,-4.399665,50.0,0.34
31615,36.721671,-4.399718,50.1,0.36
31620,36.721657,-4.399770,50.1,0.36
31625,36.721640,-4.399822,50.1,0.36
31630,36.721623,-4.399874,50.1,0.36
31635,36.721605,-4.399925,50.1,0.36
31640,36.721586,-4.399977,50.2,0.32
31645,36.721568,-4.400029,50.2,0.26
31650,36.721551,-4.400081,50.2,0.20
31655,36.721537,-4.400133,50.2,0.16
31660,36.721523,-4.400186,50.2,0.15
31665,36.721507,-4.400239,50.2,0.15
31670,36.721490,-4.400292,50.2,0.19
31675,36.721474,-4.400344,50.2,0.25
31680,36.721458,-4.400396,50.2,0.31
31685,36.721442,-4.400449,50.3,0.35
31690,36.721426,-4.400500,50.3,0.36
31695,36.721409,-4.400551,50.3,0.36
31700,36.721391,-4.400603,50.3,0.36
31705,36.721374,-4.400655,50.3,0.36
31710,36.721357,-4.400707,50.3,0.35
31715,36.721336,-4.400757,50.4,0.30
31720,36.721317,-4.400808,50.4,0.24
31725,36.721301,-4.400859,50.4,0.18
31730,36.721284,-4.400911,50.4,0.12
31735,36.721267,-4.400963,50.4,0.05
31740,36.721250,-4.401015,50.4,0.01
31745,36.721232,-4.401066,50.4,-0.03
31750,36.721213,-4.401118,50.4,-0.09
31755,36.721196,-4.401169,50.4,-0.15
31760,36.721178,-4.401220,50.4,-0.21
31765,36.721159,-4.401272,50.4,-0.27
31770,36.721142,-4.401323,50.4,-0.33
31775,36.721124,-4.401374,50.3,-0.36
31780,36.721105,-4.401425,50.3,-0.36
31785,36.721087,-4.401477,50.3,-0.36
31790,36.721071,-4.401529,50.3,-0.35
31795,36.721054,-4.401581,50.3,-0.30
31800,36.721036,-4.401632,50.2,-0.24
31805,36.721017,-4.401683,50.2,-0.19
31810,36.721000,-4.401734,50.2,-0.18
31815,36.720982,-4.401786,50.2,-0.20
31820,36.720963,-4.401837,50.2,-0.27
31825,36.720945,-4.401889,50.2,-0.38
31830,36.720928,-4.401940,50.2,-0.52
31835,36.720910,-4.401991,50.1,-0.69
31840,36.720891,-4.402042,50.1,-0.83
31845,36.720872,-4.402093,50.1,-0.93
31850,36.720854,-4.402144,50.0,-1.05
31855,36.720839,-4.402196,50.0,-1.14
31860,36.720824,-4.402249,49.9,-1.19
31865,36.720808,-4.402301,49.8,-1.20
31870,36.720790,-4.402353,49.8,-1.18
31875,36.720771,-4.402404,49.7,-1.09
31880,36.720753,-4.402455,49.7,-0.92
31885,36.720734,-4.402506,49.6,-0.75
31890,36.720714,-4.402556,49.6,-0.56
31895,36.720698,-4.402608,49.6,-0.38
31900,36.720682,-4.402660,49.5,-0.26
31905,36.720667,-4.402713,49.5,-0.22
31910,36.720650,-4.402764,49.5,-0.22
31915,36.720633,-4.402817,49.5,-0.22
31920,36.720617,-4.402870,49.5,-0.22
31925,36.720606,-4.402924,49.5,-0.22
31930,36.720595,-4.402978,49.5,-0.19
31935,36.720585,-4.403032,49.5,-0.18
31940,36.720576,-4.403088,49.5,-0.18
31945,36.720570,-4.403143,49.5,-0.20
31950,36.720565,-4.403199,49.5,-0.25
31955,36.720560,-4.403254,49.4,-0.27
31960,36.720552,-4.403309,49.4,-0.25
31965,36.720546,-4.403365,49.4,-0.19
31970,36.720543,-4.403421,49.4,-0.13
31975,36.720543,-4.403477,49.4,-0.07
31980,36.720540,-4.403532,49.4,-0.01
31985,36.720535,-4.403588,49.4,0.00
31990,36.720532,-4.403644,49.4,0.00
31995,36.720533,-4.403700,49.4,0.00
32000,36.720536,-4.403756,49.4,0.00
32005,36.720539,-4.403812,49.4,0.00
32010,36.720539,-4.403868,49.4,0.00
32015,36.720536,-4.403924,49.4,0.04
32020,36.720531,-4.403979,49.4,0.10
32025,36.720528,-4.404035,49.4,0.17
32030,36.720525,-4.404091,49.4,0.23
32035,36.720522,-4.404147,49.4,0.29
32040,36.720518,-4.404202,49.4,0.35
32045,36.720512,-4.404258,49.5,0.36
32050,36.720506,-4.404313,49.5,0.36
32055,36.720499,-4.404369,49.5,0.36
32060,36.720493,-4.404424,49.5,0.39
32065,36.720486,-4.404479,49.5,0.45
32070,36.720476,-4.404534,49.6,0.40
32075,36.720463,-4.404588,49.6,0.34
32080,36.720453,-4.404643,49.6,0.28
32085,36.720445,-4.404698,49.6,0.22
32090,36.720437,-4.404752,49.6,0.14
32095,36.720426,-4.404807,49.6,0.02
32100,36.720416,-4.404862,49.6,0.00
32105,36.720411,-4.404917,49.6,0.00
32110,36.720407,-4.404973,49.6,0.00
32115,36.720396,-4.405027,49.6,-0.02
32120,36.720383,-4.405081,49.6,-0.08
32125,36.720371,-4.405135,49.6,-0.08
32130,36.720357,-4.405188,49.6,-0.08
32135,36.720341,-4.405240,49.6,-0.10
32140,36.720324,-4.405292,49.6,-0.16
32145,36.720308,-4.405344,49.6,-0.20
32150,36.720290,-4.405395,49.6,-0.20
32155,36.720271,-4.405447,49.6,-0.26
32160,36.720252,-4.405498,49.6,-0.32
32165,36.720235,-4.405549,49.5,-0.36
32170,36.720217,-4.405600,49.5,-0.36
32175,36.720197,-4.405649,49.5,-0.36
32180,36.720172,-4.405697,49.5,-0.36
32185,36.720150,-4.405745,49.5,-0.36
32190,36.720128,-4.405794,49.4,-0.35
32195,36.720104,-4.405843,49.4,-0.29
32200,36.720080,-4.405889,49.4,-0.23
32205,36.720055,-4.405935,49.4,-0.17
32210,36.720032,-4.405984,49.4,-0.11
32215,36.720013,-4.406034,49.4,-0.01
32220,36.719994,-4.406085,49.4,0.10
32225,36.719974,-4.406135,49.4,0.16
32230,36.719952,-4.406185,49.4,0.22
32235,36.719933,-4.406234,49.4,0.28
32240,36.719912,-4.406284,49.4,0.34
32245,36.719890,-4.406333,49.5,0.36
32250,36.719868,-4.406382,49.5,0.36
32255,36.719846,-4.406431,49.5,0.36
32260,36.719825,-4.406481,49.5,0.36
32265,36.719806,-4.406531,49.5,0.40
32270,36.719782,-4.406579,49.6,0.42
32275,36.719760,-4.406627,49.6,0.42
32280,36.719738,-4.406675,49.6,0.42
32285,36.719714,-4.406724,49.6,0.42
32290,36.719692,-4.406773,49.6,0.42
32295,36.719671,-4.406822,49.7,0.39
32300,36.719650,-4.406871,49.7,0.36
32305,36.719628,-4.406920,49.7,0.36
32310,36.719604,-4.406969,49.7,0.36
32315,36.719581,-4.407017,49.7,0.36
32320,36.719558,-4.407065,49.8,0.33
32325,36.719535,-4.407113,49.8,0.27
32330,36.719510,-4.407160,49.8,0.21
32335,36.719484,-4.407206,49.8,0.15
32340,36.719459,-4.407251,49.8,0.11
32345,36.719433,-4.407296,49.8,0.11
32350,36.719406,-4.407340,49.8,0.15
32355,36.719378,-4.407384,49.8,0.21
32360,36.719351,-4.407429,49.8,0.27
32365,36.719321,-4.407472,49.8,0.33
32370,36.719291,-4.407515,49.9,0.36
32375,36.719261,-4.407556,49.9,0.36
32380,36.719231,-4.407598,49.9,0.32
32385,36.719201,-4.407639,49.9,0.26
32390,36.719171,-4.407681,49.9,0.20
32395,36.719142,-4.407723,49.9,0.11
32400,36.719114,-4.407766,49.9,-0.01
32405,36.719082,-4.407807,49.9,-0.13
32410,36.719050,-4.407847,49.9,-0.17
32415,36.719017,-4.407886,49.9,-0.17
32420,36.718986,-4.407926,49.9,-0.17
32425,36.718956,-4.407967,49.9,-0.15
32430,36.718926,-4.408008,49.9,-0.08
32435,36.718896,-4.408049,49.9,0.02
32440,36.718867,-4.408092,49.9,0.11
32445,36.718839,-4.408136,49.9,0.15
32450,36.718809,-4.408179,49.9,0.15
32455,36.718780,-4.408223,49.9,0.15
32460,36.718754,-4.408268,49.9,0.15
32465,36.718727,-4.408311,49.9,0.07
32470,36.718697,-4.408354,49.9,-0.05
32475,36.718666,-4.408396,49.9,-0.16
32480,36.718637,-4.408439,49.9,-0.22
32485,36.718609,-4.408482,49.9,-0.28
32490,36.718582,-4.408526,49.9,-0.34
32495,36.718552,-4.408568,49.9,-0.39
32500,36.718524,-4.408612,49.8,-0.43
32505,36.718496,-4.408657,49.8,-0.43
32510,36.718470,-4.408700,49.8,-0.43
32515,36.718443,-4.408745,49.8,-0.43
32520,36.718417,-4.408791,49.8,-0.47
32525,36.718394,-4.408839,49.7,-0.50
32530,36.718381,-4.408893,49.7,-0.52
32535,36.718372,-4.408948,49.7,-0.58
32540,36.718365,-4.409003,49.7,-0.64
32545,36.718360,-4.409059,49.6,-0.70
32550,36.718353,-4.409114,49.6,-0.70
32555,36.718343,-4.409168,49.5,-0.64
32560,36.718340,-4.409224,49.5,-0.58
32565,36.718335,-4.409280,49.5,-0.52
32570,36.718327,-4.409335,49.5,-0.46
32575,36.718334,-4.409391,49.4,-0.36
32580,36.718339,-4.409446,49.4,-0.27
32585,36.718342,-4.409502,49.4,-0.21
32590,36.718342,-4.409558,49.4,-0.14
32595,36.718345,-4.409614,49.4,-0.08
32600,36.718354,-4.409669,49.4,-0.02
32605,36.718366,-4.409722,49.4,0.00
32610,36.718383,-4.409774,49.4,0.00
32615,36.718402,-4.409824,49.4,-0.02
32620,36.718422,-4.409874,49.4,-0.08
32625,36.718445,-4.409923,49.4,-0.09
32630,36.718469,-4.409971,49.4,-0.09
32635,36.718495,-4.410015,49.4,-0.09
32640,36.718520,-4.410061,49.4,-0.09
32645,36.718544,-4.410109,49.4,-0.07
32650,36.718572,-4.410153,49.4,0.01
32655,36.718602,-4.410197,49.4,0.08
32660,36.718632,-4.410238,49.4,0.14
32665,36.718664,-4.410278,49.4,0.20
32670,36.718695,-4.410316,49.4,0.29
32675,36.718727,-4.410354,49.4,0.43
32680,36.718762,-4.410393,49.4,0.54
32685,36.718793,-4.410433,49.5,0.61
32690,36.718821,-4.410476,49.5,0.73
32695,36.718847,-4.410521,49.5,0.86
32700,36.718875,-4.410565,49.6,0.98
32705,36.718903,-4.410610,49.6,1.06
32710,36.718932,-4.410653,49.7,1.11
32715,36.718958,-4.410698,49.8,1.20
32720,36.718984,-4.410742,49.8,1.28
32725,36.719019,-4.410779,49.9,1.41
32730,36.719053,-4.410816,49.9,1.53
32735,36.719081,-4.410858,50.0,1.61
32740,36.719109,-4.410902,50.1,1.73
32745,36.719134,-4.410949,50.2,1.81
32750,36.719154,-4.410999,50.3,1.90
32755,36.719179,-4.411045,50.4,1.95
32760,36.719206,-4.411089,50.5,2.00
32765,36.719233,-4.411135,50.6,2.12
32770,36.719258,-4.411181,50.7,2.21
32775,36.719285,-4.411226,50.8,2.28
32780,36.719313,-4.411269,50.9,2.32
32785,36.719343,-4.411311,51.1,2.37
32790,36.719376,-4.411351,51.2,2.41
32795,36.719405,-4.411393,51.3,2.41
32800,36.719429,-4.411438,51.4,2.44
32805,36.719443,-4.411492,51.5,2.44
32810,36.719464,-4.411541,51.7,2.51
32815,36.719496,-4.411581,51.8,2.50
32820,36.719528,-4.411618,51.9,2.37
32825,36.719563,-4.411655,52.0,2.16
32830,36.719597,-4.411691,52.2,1.79
32835,36.719627,-4.411732,52.2,1.38
32840,36.719661,-4.411769,52.3,0.75
32845,36.719683,-4.411818,52.3,0.09
32850,36.719706,-4.411953,52.3,-0.50
32855,36.719685,-4.412004,52.3,-1.09
32860,36.719678,-4.412058,52.2,-1.58
32865,36.719680,-4.412114,52.1,-2.13
32870,36.719676,-4.412170,52.0,-2.63
32875,36.719673,-4.412225,51.9,-3.04
32880,36.719667,-4.412281,51.7,-3.37
32885,36.719659,-4.412336,51.5,-3.56
32890,36.719650,-4.412391,51.3,-3.75
32895,36.719645,-4.412446,51.1,-3.77
32900,36.719642,-4.412502,50.9,-3.71
32905,36.719637,-4.412558,50.7,-3.63
32910,36.719630,-4.412613,50.5,-3.59
32915,36.719622,-4.412669,50.4,-3.55
32920,36.719616,-4.412724,50.2,-3.47
32925,36.719607,-4.412779,50.0,-3.34
32930,36.719594,-4.412832,49.8,-3.15
32935,36.719583,-4.412887,49.7,-2.91
32940,36.719576,-4.412942,49.5,-2.65
32945,36.719565,-4.412996,49.4,-2.38
32950,36.719554,-4.413051,49.3,-2.06
32955,36.719544,-4.413105,49.2,-1.74
32960,36.719533,-4.413159,49.1,-1.47
32965,36.719520,-4.413213,49.1,-1.23
32970,36.719507,-4.413267,49.0,-1.04
32975,36.719494,-4.413320,49.0,-0.85
32980,36.719483,-4.413374,48.9,-0.70
32985,36.719472,-4.413429,48.9,-0.58
32990,36.719461,-4.413483,48.9,-0.51
32995,36.719449,-4.413536,48.9,-0.45
33000,36.719435,-4.413590,48.8,-0.35
33005,36.719422,-4.413643,48.8,-0.26
33010,36.719409,-4.413696,48.8,-0.20
33015,36.719396,-4.413750,48.8,-0.14
33020,36.719382,-4.413804,48.8,-0.08
33025,36.719368,-4.413858,48.8,-0.02
33030,36.719354,-4.413911,48.8,0.00
33035,36.719339,-4.413963,48.8,0.02
33040,36.719325,-4.414016,48.8,0.08
33045,36.719309,-4.414068,48.8,0.14
33050,36.719293,-4.414120,48.8,0.20
33055,36.719276,-4.414171,48.8,0.26
33060,36.719259,-4.414224,48.8,0.32
33065,36.719245,-4.414277,48.9,0.36
33070,36.719231,-4.414330,48.9,0.36
33075,36.719217,-4.414383,48.9,0.36
33080,36.719201,-4.414436,48.9,0.36
33085,36.719189,-4.414490,48.9,0.36
33090,36.719175,-4.414543,49.0,0.35
33095,36.719158,-4.414595,49.0,0.29
33100,36.719141,-4.414648,49.0,0.22
33105,36.719128,-4.414701,49.0,0.16
33110,36.719116,-4.414754,49.0,0.10
33115,36.719101,-4.414808,49.0,0.04
33120,36.719089,-4.414862,49.0,0.00
33125,36.719078,-4.414916,49.0,0.00
33130,36.719067,-4.414970,49.0,0.00
33135,36.719058,-4.415024,49.0,0.00
33140,36.719046,-4.415079,49.0,0.00
33145,36.719032,-4.415132,49.0,0.00
33150,36.719017,-4.415185,49.0,0.00
33155,36.719002,-4.415238,49.0,0.00
33160,36.718989,-4.415291,49.0,0.00
33165,36.718977,-4.415345,49.0,0.00
33170,36.718964,-4.415399,49.0,0.00
33175,36.718950,-4.415452,49.0,0.00
33180,36.718936,-4.415505,49.0,0.00
33185,36.718923,-4.415559,49.0,0.00
33190,36.718910,-4.415612,49.0,0.00
33195,36.718896,-4.415665,49.0,0.00
33200,36.718880,-4.415717,49.0,0.00
33205,36.718863,-4.415770,49.0,0.00
33210,36.718847,-4.415822,49.0,0.00
33215,36.718833,-4.415875,49.0,0.00
33220,36.718820,-4.415929,49.0,0.00
33225,36.718807,-4.415983,49.0,0.00
33230,36.718797,-4.416037,49.0,0.00
33235,36.718785,-4.416090,49.0,0.00
33240,36.718770,-4.416143,49.0,0.00
33245,36.718755,-4.416196,49.0,0.00
33250,36.718741,-4.416249,49.0,0.00
33255,36.718730,-4.416304,49.0,0.00
33260,36.718720,-4.416358,49.0,0.00
33265,36.718706,-4.416411,49.0,0.00
33270,36.718687,-4.416462,49.0,0.00
33275,36.718670,-4.416514,49.0,0.00
33280,36.718655,-4.416567,49.0,0.00
33285,36.718639,-4.416619,49.0,0.00
33290,36.718624,-4.416672,49.0,0.00
33295,36.718612,-4.416726,49.0,0.00
33300,36.718601,-4.416780,49.0,0.00
33305,36.718588,-4.416834,49.0,0.00
33310,36.718572,-4.416886,49.0,0.00
33315,36.718556,-4.416938,49.0,0.00
33320,36.718538,-4.416989,49.0,0.00
33325,36.718521,-4.417041,49.0,0.00
33330,36.718503,-4.417094,49.0,0.00
33335,36.718492,-4.417147,49.0,0.00
33340,36.718480,-4.417201,49.0,0.00
33345,36.718467,-4.417255,49.0,0.00
33350,36.718454,-4.417309,49.0,0.00
33355,36.718440,-4.417362,49.0,0.00
33360,36.718425,-4.417414,49.0,0.00
33365,36.718410,-4.417467,49.0,0.00
33370,36.718395,-4.417519,49.0,0.00
33375,36.718380,-4.417572,49.0,0.00
33380,36.718365,-4.417625,49.0,0.00
33385,36.718352,-4.417679,49.0,0.00
33390,36.718340,-4.417733,49.0,0.00
33395,36.718327,-4.417786,49.0,0.00
33400,36.718312,-4.417839,49.0,0.00
33405,36.718299,-4.417893,49.0,0.00
33410,36.718284,-4.417946,49.0,0.00
33415,36.718270,-4.417999,49.0,0.00
33420,36.718254,-4.418052,49.0,0.00
33425,36.718241,-4.418105,49.0,0.00
33430,36.718224,-4.418157,49.0,0.00
33435,36.718208,-4.418209,49.0,0.00
33440,36.718193,-4.418262,49.0,0.01
33445,36.718178,-4.418315,49.0,0.07
33450,36.718159,-4.418365,49.0,0.13
33455,36.718142,-4.418417,49.0,0.20
33460,36.718122,-4.418467,49.0,0.26
33465,36.718103,-4.418518,49.0,0.32
33470,36.718085,-4.418569,49.1,0.36
33475,36.718065,-4.418620,49.1,0.36
33480,36.718046,-4.418670,49.1,0.36
33485,36.718029,-4.418721,49.1,0.36
33490,36.718009,-4.418772,49.1,0.36
33495,36.717995,-4.418825,49.1,0.34
33500,36.717975,-4.418876,49.2,0.22
33505,36.717964,-4.418930,49.2,0.12
33510,36.717950,-4.418983,49.2,0.05
33515,36.717937,-4.419037,49.2,-0.01
33520,36.717923,-4.419090,49.2,-0.07
33525,36.717909,-4.419144,49.2,-0.11
33530,36.717898,-4.419197,49.2,-0.10
33535,36.717876,-4.419272,49.2,-0.12
33540,36.717859,-4.419324,49.2,-0.18
33545,36.717850,-4.419378,49.1,-0.24
33550,36.717832,-4.419430,49.1,-0.29
33555,36.717821,-4.419484,49.1,-0.32
33560,36.717816,-4.419539,49.1,-0.34
33565,36.717808,-4.419594,49.1,-0.40
33570,36.717797,-4.419648,49.1,-0.46
33575,36.717775,-4.419697,49.0,-0.52
33580,36.717744,-4.419740,49.0,-0.59
33585,36.717712,-4.419778,49.0,-0.57
33590,36.717680,-4.419815,48.9,-0.49
33595,36.717645,-4.419850,48.9,-0.37
33600,36.717608,-4.419883,48.9,-0.25
33605,36.717570,-4.419915,48.9,-0.13
33610,36.717535,-4.419948,48.9,0.02
33615,36.717498,-4.419981,48.9,0.15
33620,36.717463,-4.420016,48.9,0.27
33625,36.717427,-4.420048,48.9,0.36
33630,36.717392,-4.420083,48.9,0.42
33635,36.717356,-4.420118,49.0,0.49
33640,36.717321,-4.420155,49.0,0.46
33645,36.717288,-4.420192,49.0,0.34
33650,36.717249,-4.420222,49.0,0.16
33655,36.717159,-4.420304,49.0,0.00
33660,36.717118,-4.420333,49.0,-0.12
33665,36.717081,-4.420363,49.0,-0.24
33670,36.717045,-4.420393,49.0,-0.37
33675,36.717006,-4.420423,49.0,-0.55
33680,36.716969,-4.420454,49.0,-0.65
33685,36.716931,-4.420485,48.9,-0.71
33690,36.716894,-4.420515,48.9,-0.77
33695,36.716860,-4.420552,48.8,-0.85
33700,36.716826,-4.420591,48.8,-0.90
33705,36.716792,-4.420628,48.8,-0.84
33710,36.716759,-4.420664,48.7,-0.80
33715,36.716724,-4.420701,48.7,-0.80
33720,36.716689,-4.420737,48.6,-0.80
33725,36.716654,-4.420771,48.6,-0.78
33730,36.716619,-4.420805,48.6,-0.66
33735,36.716582,-4.420840,48.5,-0.60
33740,36.716546,-4.420874,48.5,-0.54
33745,36.716509,-4.420907,48.5,-0.48
33750,36.716473,-4.420939,48.4,-0.40
33755,36.716437,-4.420972,48.4,-0.29
33760,36.716403,-4.421006,48.4,-0.23
33765,36.716368,-4.421041,48.4,-0.16
33770,36.716332,-4.421076,48.4,-0.10
33775,36.716296,-4.421110,48.4,-0.04
33780,36.716259,-4.421145,48.4,0.00
33785,36.716223,-4.421175,48.4,-0.03
33790,36.716186,-4.421206,48.4,-0.09
33795,36.716149,-4.421238,48.4,-0.15
33800,36.716113,-4.421270,48.4,-0.21
33805,36.716077,-4.421305,48.4,-0.27
33810,36.716041,-4.421341,48.4,-0.33
33815,36.716005,-4.421375,48.3,-0.36
33820,36.715971,-4.421409,48.3,-0.36
33825,36.715935,-4.421443,48.3,-0.36
33830,36.715899,-4.421477,48.3,-0.36
33835,36.715864,-4.421513,48.3,-0.36
33840,36.715830,-4.421549,48.2,-0.33
33845,36.715795,-4.421586,48.2,-0.27
33850,36.715759,-4.421621,48.2,-0.21
33855,36.715723,-4.421655,48.2,-0.15
33860,36.715687,-4.421687,48.2,-0.09
33865,36.715652,-4.421720,48.2,-0.01
33870,36.715615,-4.421753,48.2,0.08
33875,36.715578,-4.421786,48.2,0.15
33880,36.715541,-4.421819,48.2,0.21
33885,36.715505,-4.421852,48.2,0.27
33890,36.715469,-4.421886,48.2,0.33
33895,36.715434,-4.421922,48.3,0.36
33900,36.715404,-4.421961,48.3,0.36
33905,36.715371,-4.422000,48.3,0.36
33910,36.715337,-4.422038,48.3,0.41
33915,36.715304,-4.422074,48.3,0.47
33920,36.715269,-4.422111,48.4,0.49
33925,36.715235,-4.422147,48.4,0.43
33930,36.715201,-4.422182,48.4,0.37
33935,36.715165,-4.422217,48.4,0.31
33940,36.715128,-4.422250,48.4,0.21
33945,36.715090,-4.422280,48.4,0.04
33950,36.715052,-4.422308,48.4,-0.10
33955,36.715012,-4.422335,48.4,-0.17
33960,36.714972,-4.422362,48.4,-0.23
33965,36.714936,-4.422395,48.4,-0.33
33970,36.714899,-4.422428,48.4,-0.45
33975,36.714864,-4.422461,48.4,-0.51
33980,36.714830,-4.422496,48.3,-0.48
33985,36.714794,-4.422530,48.3,-0.42
33990,36.714758,-4.422565,48.3,-0.36
33995,36.714722,-4.422599,48.3,-0.25
34000,36.714688,-4.422634,48.3,-0.09
34005,36.714653,-4.422670,48.3,0.08
34010,36.714618,-4.422705,48.3,0.17
34015,36.714580,-4.422735,48.3,0.26
34020,36.714541,-4.422765,48.3,0.38
34025,36.714504,-4.422797,48.3,0.50
34030,36.714468,-4.422830,48.3,0.57
34035,36.714431,-4.422865,48.4,0.59
34040,36.714396,-4.422897,48.4,0.59
34045,36.714358,-4.422929,48.5,0.57
34050,36.714321,-4.422961,48.5,0.50
34055,36.714284,-4.422995,48.5,0.44
34060,36.714249,-4.423029,48.5,0.38
34065,36.714213,-4.423063,48.5,0.36
34070,36.714176,-4.423096,48.6,0.33
34075,36.714141,-4.423129,48.6,0.27
34080,36.714105,-4.423164,48.6,0.21
34085,36.714072,-4.423202,48.6,0.15
34090,36.714046,-4.423248,48.6,0.12
34095,36.714019,-4.423293,48.6,0.12
34100,36.713990,-4.423333,48.6,0.15
34105,36.713956,-4.423367,48.6,0.21
34110,36.713920,-4.423402,48.6,0.27
34115,36.713832,-4.423497,48.6,0.29
34120,36.713793,-4.423530,48.7,0.29
34125,36.713756,-4.423561,48.7,0.29
34130,36.713718,-4.423595,48.7,0.29
34135,36.713684,-4.423630,48.7,0.29
34140,36.713651,-4.423668,48.7,0.29
34145,36.713618,-4.423706,48.7,0.30
34150,36.713584,-4.423743,48.7,0.28
34155,36.713549,-4.423778,48.8,0.21
34160,36.713514,-4.423813,48.8,0.15
34165,36.713479,-4.423849,48.8,0.05
34170,36.713445,-4.423885,48.8,-0.03
34175,36.713410,-4.423919,48.8,-0.09
34180,36.713373,-4.423952,48.8,-0.16
34185,36.713337,-4.423985,48.8,-0.22
34190,36.713301,-4.424020,48.7,-0.27
34195,36.713264,-4.424054,48.7,-0.29
34200,36.713228,-4.424087,48.7,-0.33
34205,36.713191,-4.424119,48.7,-0.36
34210,36.713156,-4.424153,48.7,-0.36
34215,36.713121,-4.424187,48.7,-0.36
34220,36.713086,-4.424223,48.6,-0.33
34225,36.713050,-4.424256,48.6,-0.32
34230,36.713014,-4.424288,48.6,-0.32
34235,36.712977,-4.424321,48.6,-0.32
34240,36.712941,-4.424356,48.6,-0.32
34245,36.712905,-4.424390,48.6,-0.33
34250,36.712870,-4.424424,48.5,-0.36
34255,36.712834,-4.424458,48.5,-0.36
34260,36.712798,-4.424491,48.5,-0.36
34265,36.712761,-4.424525,48.5,-0.36
34270,36.712726,-4.424558,48.5,-0.36
34275,36.712691,-4.424591,48.5,-0.35
34280,36.712652,-4.424624,48.4,-0.29
34285,36.712615,-4.424656,48.4,-0.19
34290,36.712580,-4.424690,48.4,-0.06
34295,36.712545,-4.424724,48.4,0.06
34300,36.712510,-4.424759,48.4,0.18
34305,36.712474,-4.424793,48.4,0.29
34310,36.712438,-4.424827,48.5,0.35
34315,36.712403,-4.424861,48.5,0.41
34320,36.712368,-4.424895,48.5,0.47
34325,36.712331,-4.424931,48.5,0.53
34330,36.712295,-4.424965,48.5,0.63
34335,36.712259,-4.424999,48.6,0.77
34340,36.712224,-4.425034,48.6,0.91
34345,36.712189,-4.425069,48.7,1.04
34350,36.712154,-4.425105,48.7,1.17
34355,36.712122,-4.425141,48.8,1.31
34360,36.712089,-4.425180,48.8,1.46
34365,36.712055,-4.425220,48.9,1.62
34370,36.712026,-4.425260,49.0,1.78
34375,36.711995,-4.425301,49.1,1.94
34380,36.711964,-4.425343,49.2,2.12
34385,36.711936,-4.425387,49.3,2.24
34390,36.711906,-4.425429,49.4,2.27
34395,36.711876,-4.425470,49.6,2.23
34400,36.711847,-4.425511,49.7,2.18
34405,36.711813,-4.425550,49.8,2.08
34410,36.711781,-4.425588,49.9,1.94
34415,36.711747,-4.425625,50.0,1.79
34420,36.711713,-4.425662,50.1,1.65
34425,36.711680,-4.425699,50.1,1.51
34430,36.711647,-4.425736,50.2,1.35
34435,36.711612,-4.425773,50.3,1.17
34440,36.711577,-4.425810,50.3,1.01
34445,36.711544,-4.425846,50.4,0.90
34450,36.711509,-4.425881,50.4,0.80
34455,36.711474,-4.425915,50.4,0.67
34460,36.711438,-4.425950,50.5,0.58
34465,36.711402,-4.425985,50.5,0.52
34470,36.711368,-4.426021,50.5,0.43
34475,36.711334,-4.426057,50.5,0.30
34480,36.711298,-4.426092,50.6,0.16
34485,36.711261,-4.426126,50.6,0.04
34490,36.711225,-4.426160,50.6,-0.11
34495,36.711190,-4.426194,50.6,-0.29
34500,36.711154,-4.426227,50.5,-0.44
34505,36.711118,-4.426261,50.5,-0.58
34510,36.711082,-4.426295,50.5,-0.71
34515,36.711046,-4.426330,50.4,-0.83
34520,36.711015,-4.426366,50.4,-0.97
34525,36.710979,-4.426404,50.3,-1.07
34530,36.710946,-4.426441,50.3,-1.14
34535,36.710914,-4.426479,50.2,-1.23
34540,36.710880,-4.426515,50.2,-1.30
34545,36.710844,-4.426551,50.1,-1.39
34550,36.710808,-4.426587,50.0,-1.41
34555,36.710778,-4.426627,50.0,-1.50
34560,36.710746,-4.426667,49.9,-1.58
34565,36.710712,-4.426705,49.8,-1.65
34570,36.710678,-4.426741,49.7,-1.77
34575,36.710644,-4.426775,49.6,-1.82
34580,36.710608,-4.426812,49.5,-1.88
34585,36.710573,-4.426847,49.4,-1.87
34590,36.710537,-4.426882,49.3,-1.87
34595,36.710504,-4.426916,49.2,-1.87
34600,36.710470,-4.426951,49.1,-1.75
34605,36.710433,-4.426986,49.1,-1.67
34610,36.710372,-4.427076,49.0,-1.60
34615,36.710337,-4.427112,48.9,-1.55
34620,36.710302,-4.427145,48.8,-1.46
34625,36.710265,-4.427178,48.8,-1.27
34630,36.710232,-4.427215,48.7,-1.18
34635,36.710200,-4.427252,48.6,-1.12
34640,36.710166,-4.427290,48.6,-1.07
34645,36.710131,-4.427327,48.5,-0.97
34650,36.710099,-4.427368,48.5,-0.91
34655,36.710066,-4.427405,48.4,-0.91
34660,36.710032,-4.427442,48.4,-0.87
34665,36.709999,-4.427482,48.4,-0.76
34670,36.709970,-4.427521,48.3,-0.64
34675,36.709941,-4.427563,48.3,-0.55
34680,36.709914,-4.427608,48.3,-0.49
34685,36.709887,-4.427654,48.2,-0.43
34690,36.709861,-4.427700,48.2,-0.37
34695,36.709837,-4.427747,48.2,-0.36
34700,36.709807,-4.427789,48.2,-0.33
34705,36.709774,-4.427828,48.2,-0.27
34710,36.709737,-4.427861,48.2,-0.21
34715,36.709699,-4.427890,48.1,-0.15
34720,36.709660,-4.427914,48.1,-0.09
34725,36.709617,-4.427933,48.1,-0.03
34730,36.709575,-4.427952,48.1,0.00
34735,36.709532,-4.427971,48.1,-0.01
34740,36.709491,-4.427992,48.1,-0.03
34745,36.709449,-4.428014,48.1,-0.03
34750,36.709410,-4.428039,48.1,-0.03
34755,36.709373,-4.428070,48.1,-0.06
34760,36.709337,-4.428104,48.1,-0.12
34765,36.709299,-4.428138,48.1,-0.17
34770,36.709263,-4.428171,48.1,-0.21
34775,36.709226,-4.428203,48.1,-0.27
34780,36.709190,-4.428234,48.1,-0.33
34785,36.709152,-4.428267,48.1,-0.36
34790,36.709116,-4.428302,48.1,-0.32
34795,36.709081,-4.428337,48.0,-0.21
34800,36.709045,-4.428371,48.0,-0.09
34805,36.709008,-4.428404,48.0,0.04
34810,36.708971,-4.428435,48.0,0.16
34815,36.708935,-4.428467,48.0,0.28
34820,36.708900,-4.428499,48.1,0.36
34825,36.708863,-4.428531,48.1,0.35
34830,36.708829,-4.428570,48.1,0.29
34835,36.708797,-4.428610,48.1,0.23
34840,36.708766,-4.428650,48.1,0.17
34845,36.708735,-4.428689,48.1,0.08
34850,36.708702,-4.428726,48.1,-0.04
34855,36.708667,-4.428760,48.1,-0.15
34860,36.708629,-4.428792,48.1,-0.21
34865,36.708591,-4.428821,48.1,-0.23
34870,36.708551,-4.428850,48.1,-0.23
34875,36.708513,-4.428879,48.1,-0.21
34880,36.708475,-4.428910,48.1,-0.13
34885,36.708438,-4.428941,48.1,-0.01
34890,36.708402,-4.428974,48.1,0.11
34895,36.708365,-4.429007,48.1,0.19
34900,36.708327,-4.429040,48.1,0.29
34905,36.708291,-4.429071,48.1,0.41
34910,36.708255,-4.429103,48.1,0.52
34915,36.708218,-4.429136,48.1,0.58
34920,36.708180,-4.429167,48.2,0.61
34925,36.708143,-4.429201,48.2,0.61
34930,36.708106,-4.429234,48.3,0.53
34935,36.708070,-4.429265,48.3,0.41
34940,36.708032,-4.429295,48.3,0.29
34945,36.707994,-4.429326,48.3,0.17
34950,36.707955,-4.429356,48.3,0.10
34955,36.707918,-4.429388,48.3,0.05
34960,36.707882,-4.429421,48.3,0.02
34965,36.707846,-4.429453,48.3,0.02
34970,36.707809,-4.429484,48.3,0.02
34975,36.707771,-4.429514,48.3,0.02
34980,36.707732,-4.429543,48.3,0.01
34985,36.707695,-4.429573,48.3,0.03
34990,36.707657,-4.429603,48.3,0.10
34995,36.707619,-4.429634,48.3,0.16
35000,36.707581,-4.429666,48.3,0.22
35005,36.707544,-4.429697,48.3,0.27
35010,36.707508,-4.429729,48.4,0.28
35015,36.707469,-4.429759,48.4,0.24
35020,36.707430,-4.429789,48.4,0.14
35025,36.707392,-4.429820,48.4,0.02
35030,36.707356,-4.429852,48.4,-0.10
35035,36.707320,-4.429885,48.4,-0.19
35040,36.707283,-4.429918,48.4,-0.20
35045,36.707248,-4.429952,48.4,-0.20
35050,36.707214,-4.429988,48.3,-0.17
35055,36.707176,-4.430022,48.3,-0.17
35060,36.707141,-4.430054,48.3,-0.17
35065,36.707103,-4.430085,48.3,-0.20
35070,36.707065,-4.430117,48.3,-0.26
35075,36.707029,-4.430149,48.3,-0.27
35080,36.706993,-4.430182,48.3,-0.31
35085,36.706957,-4.430216,48.3,-0.31
35090,36.706920,-4.430248,48.3,-0.34
35095,36.706883,-4.430277,48.2,-0.44
35100,36.706843,-4.430306,48.2,-0.56
35105,36.706805,-4.430336,48.2,-0.71
35110,36.706770,-4.430370,48.1,-0.79
35115,36.706733,-4.430403,48.1,-0.91
35120,36.706697,-4.430434,48.0,-1.01
35125,36.706658,-4.430464,48.0,-1.02
35130,36.706619,-4.430493,48.0,-1.03
35135,36.706583,-4.430525,47.9,-1.04
35140,36.706546,-4.430557,47.8,-1.09
35145,36.706507,-4.430587,47.8,-1.09
35150,36.706469,-4.430618,47.7,-1.05
35155,36.706432,-4.430649,47.7,-0.99
35160,36.706395,-4.430681,47.6,-0.92
35165,36.706357,-4.430712,47.6,-0.85
35170,36.706318,-4.430743,47.5,-0.74
35175,36.706282,-4.430775,47.5,-0.61
35180,36.706246,-4.430808,47.5,-0.54
35185,36.706210,-4.430841,47.5,-0.47
35190,36.706174,-4.430872,47.4,-0.36
35195,36.706136,-4.430904,47.4,-0.25
35200,36.706098,-4.430935,47.4,-0.19
35205,36.706061,-4.430966,47.4,-0.13
35210,36.706022,-4.430996,47.4,-0.07
35215,36.705984,-4.431026,47.4,-0.01
35220,36.705947,-4.431057,47.4,0.00
35225,36.705911,-4.431089,47.4,0.00
35230,36.705874,-4.431120,47.4,0.00
35235,36.705835,-4.431151,47.4,0.00
35240,36.705798,-4.431182,47.4,0.00
35245,36.705760,-4.431213,47.4,0.00
35250,36.705723,-4.431244,47.4,0.00
35255,36.705686,-4.431275,47.4,0.00
35260,36.705650,-4.431307,47.4,0.00
35265,36.705612,-4.431338,47.4,0.00
35270,36.705572,-4.431368,47.4,0.00
35275,36.705534,-4.431397,47.4,0.00
35280,36.705497,-4.431427,47.4,0.01
35285,36.705460,-4.431459,47.4,0.07
35290,36.705423,-4.431491,47.4,0.13
35295,36.705385,-4.431521,47.4,0.19
35300,36.705345,-4.431550,47.4,0.25
35305,36.705306,-4.431577,47.4,0.31
35310,36.705267,-4.431606,47.5,0.36
35315,36.705229,-4.431637,47.5,0.36
35320,36.705193,-4.431670,47.5,0.36
35325,36.705159,-4.431703,47.5,0.38
35330,36.705120,-4.431732,47.5,0.44
35335,36.705082,-4.431762,47.5,0.49
35340,36.705044,-4.431793,47.6,0.49
35345,36.705005,-4.431822,47.6,0.49
35350,36.704967,-4.431851,47.6,0.49
35355,36.704928,-4.431882,47.7,0.47
35360,36.704891,-4.431913,47.7,0.41
35365,36.704852,-4.431943,47.7,0.36
35370,36.704813,-4.431973,47.7,0.36
35375,36.704776,-4.432003,47.7,0.36
35380,36.704738,-4.432030,47.7,0.30
35385,36.704699,-4.432058,47.8,0.17
35390,36.704661,-4.432088,47.8,0.05
35395,36.704622,-4.432118,47.8,-0.07
35400,36.704585,-4.432148,47.8,-0.19
35405,36.704546,-4.432179,47.7,-0.31
35410,36.704510,-4.432211,47.7,-0.36
35415,36.704473,-4.432242,47.7,-0.36
35420,36.704437,-4.432275,47.7,-0.36
35425,36.704399,-4.432304,47.7,-0.36
35430,36.704362,-4.432335,47.7,-0.36
35435,36.704324,-4.432366,47.6,-0.32
35440,36.704286,-4.432397,47.6,-0.31
35445,36.704248,-4.432428,47.6,-0.31
35450,36.704209,-4.432458,47.6,-0.31
35455,36.704170,-4.432486,47.6,-0.31
35460,36.704132,-4.432515,47.6,-0.31
35465,36.704094,-4.432546,47.5,-0.36
35470,36.704058,-4.432579,47.5,-0.36
35475,36.704023,-4.432612,47.5,-0.30
35480,36.703986,-4.432643,47.5,-0.24
35485,36.703946,-4.432674,47.5,-0.18
35490,36.703908,-4.432703,47.5,-0.11
35495,36.703869,-4.432731,47.5,0.01
35500,36.703829,-4.432758,47.5,0.13
35505,36.703791,-4.432783,47.5,0.19
35510,36.703748,-4.432807,47.5,0.25
35515,36.703713,-4.432838,47.5,0.31
35520,36.703674,-4.432868,47.5,0.36
35525,36.703635,-4.432897,47.5,0.36
35530,36.703596,-4.432927,47.6,0.30
35535,36.703558,-4.432957,47.6,0.24
35540,36.703518,-4.432982,47.6,0.18
35545,36.703477,-4.433001,47.6,0.12
35550,36.703439,-4.433030,47.6,0.06
35555,36.703404,-4.433065,47.6,-0.05
35560,36.703370,-4.433102,47.6,-0.11
35565,36.703337,-4.433139,47.6,-0.17
35570,36.703304,-4.433181,47.6,-0.23
35575,36.703272,-4.433219,47.6,-0.29
35580,36.703243,-4.433259,47.5,-0.35
35585,36.703205,-4.433287,47.5,-0.36
35590,36.703163,-4.433312,47.5,-0.37
35595,36.703122,-4.433337,47.5,-0.41
35600,36.703083,-4.433364,47.5,-0.47
35605,36.703044,-4.433392,47.5,-0.53
35610,36.703004,-4.433418,47.4,-0.54
35615,36.702967,-4.433447,47.4,-0.54
35620,36.702929,-4.433476,47.4,-0.54
35625,36.702890,-4.433506,47.3,-0.50
35630,36.702853,-4.433536,47.3,-0.43
35635,36.702813,-4.433567,47.3,-0.37
35640,36.702774,-4.433597,47.3,-0.36
35645,36.702737,-4.433626,47.3,-0.37
35650,36.702697,-4.433654,47.2,-0.38
35655,36.702657,-4.433681,47.2,-0.38
35660,36.702618,-4.433706,47.2,-0.38
35665,36.702578,-4.433732,47.2,-0.38
35670,36.702539,-4.433758,47.2,-0.38
35675,36.702500,-4.433786,47.1,-0.37
35680,36.702461,-4.433813,47.1,-0.40
35685,36.702422,-4.433841,47.1,-0.46
35690,36.702382,-4.433868,47.1,-0.52
35695,36.702343,-4.433897,47.1,-0.61
35700,36.702306,-4.433928,47.0,-0.73
35705,36.702265,-4.433950,47.0,-0.80
35710,36.702224,-4.433974,46.9,-0.85
35715,36.702184,-4.433998,46.9,-0.91
35720,36.702146,-4.434026,46.9,-0.97
35725,36.702107,-4.434055,46.8,-0.98
35730,36.702068,-4.434087,46.8,-0.94
35735,36.702032,-4.434119,46.7,-0.89
35740,36.701997,-4.434151,46.7,-0.80
35745,36.701959,-4.434186,46.6,-0.68
35750,36.701923,-4.434219,46.6,-0.50
35755,36.701886,-4.434251,46.6,-0.27
35760,36.701853,-4.434286,46.6,-0.08
35765,36.701819,-4.434323,46.6,0.08
35770,36.701785,-4.434360,46.6,0.27
35775,36.701751,-4.434397,46.6,0.45
35780,36.701717,-4.434435,46.6,0.55
35785,36.701683,-4.434473,46.6,0.56
35790,36.701652,-4.434513,46.7,0.56
35795,36.701623,-4.434555,46.7,0.54
35800,36.701596,-4.434599,46.7,0.48
35805,36.701567,-4.434643,46.8,0.38
35810,36.701538,-4.434687,46.8,0.28
35815,36.701508,-4.434729,46.8,0.21
35820,36.701480,-4.434771,46.8,0.15
35825,36.701452,-4.434814,46.8,0.09
35830,36.701423,-4.434856,46.8,0.03
35835,36.701392,-4.434898,46.8,0.00
35840,36.701362,-4.434942,46.8,0.00
35845,36.701333,-4.434985,46.8,0.00
35850,36.701305,-4.435028,46.8,0.00
35855,36.701274,-4.435067,46.8,-0.05
35860,36.701241,-4.435105,46.8,-0.11
35865,36.701208,-4.435145,46.8,-0.17
35870,36.701180,-4.435188,46.8,-0.23
35875,36.701147,-4.435228,46.8,-0.30
35880,36.701118,-4.435268,46.7,-0.36
35885,36.701088,-4.435312,46.7,-0.36
35890,36.701059,-4.435355,46.7,-0.36
35895,36.701031,-4.435398,46.7,-0.36
35900,36.701010,-4.435447,46.7,-0.36
35905,36.700983,-4.435491,46.7,-0.36
35910,36.700951,-4.435530,46.6,-0.31
35915,36.700919,-4.435568,46.6,-0.28
35920,36.700886,-4.435607,46.6,-0.28
35925,36.700855,-4.435649,46.6,-0.34
35930,36.700824,-4.435690,46.6,-0.40
35935,36.700793,-4.435732,46.6,-0.46
35940,36.700758,-4.435765,46.5,-0.58
35945,36.700728,-4.435808,46.5,-0.67
35950,36.700704,-4.435855,46.5,-0.73
35955,36.700678,-4.435901,46.4,-0.73
35960,36.700652,-4.435946,46.4,-0.73
35965,36.700625,-4.435989,46.4,-0.73
35970,36.700596,-4.436033,46.3,-0.70
35975,36.700563,-4.436074,46.3,-0.63
35980,36.700529,-4.436112,46.2,-0.53
35985,36.700493,-4.436144,46.2,-0.46
35990,36.700457,-4.436171,46.2,-0.40
35995,36.700414,-4.436193,46.2,-0.34
36000,36.700371,-4.436216,46.2,-0.31
36005,36.700330,-4.436238,46.2,-0.31
36010,36.700290,-4.436262,46.1,-0.38
36015,36.700252,-4.436289,46.1,-0.44
36020,36.700214,-4.436319,46.1,-0.50
36025,36.700175,-4.436347,46.1,-0.56
36030,36.700134,-4.436373,46.0,-0.66
36035,36.700094,-4.436401,46.0,-0.74
36040,36.700056,-4.436429,46.0,-0.75
36045,36.700018,-4.436457,45.9,-0.75
36050,36.699979,-4.436485,45.9,-0.75
36055,36.699940,-4.436513,45.9,-0.75
36060,36.699902,-4.436542,45.8,-0.65
36065,36.699861,-4.436571,45.8,-0.56
36070,36.699823,-4.436600,45.7,-0.47
36075,36.699784,-4.436627,45.7,-0.30
36080,36.699746,-4.436656,45.7,-0.12
36085,36.699711,-4.436691,45.7,0.10
36090,36.699685,-4.436737,45.7,0.25
36095,36.699659,-4.436782,45.7,0.38
36100,36.699624,-4.436816,45.8,0.51
36105,36.699589,-4.436847,45.8,0.58
36110,36.699551,-4.436880,45.8,0.64
36115,36.699513,-4.436911,45.9,0.58
36120,36.699475,-4.436941,45.9,0.49
36125,36.699437,-4.436973,45.9,0.40
36130,36.699401,-4.437004,46.0,0.23
36135,36.699360,-4.437032,46.0,0.05
36140,36.699321,-4.437054,46.0,-0.13
36145,36.699278,-4.437075,45.9,-0.23
36150,36.699235,-4.437095,45.9,-0.29
36155,36.699192,-4.437110,45.9,-0.35
36160,36.699153,-4.437131,45.9,-0.36
36165,36.699113,-4.437157,45.9,-0.36
36170,36.699072,-4.437184,45.8,-0.33
36175,36.699034,-4.437213,45.8,-0.27
36180,36.698995,-4.437244,45.8,-0.21
36185,36.698957,-4.437268,45.8,-0.15
36190,36.698913,-4.437287,45.8,-0.09
36195,36.698872,-4.437310,45.8,-0.02
36200,36.698833,-4.437334,45.8,0.07
36205,36.698792,-4.437359,45.8,0.13
36210,36.698754,-4.437388,45.8,0.17
36215,36.698715,-4.437418,45.8,0.23
36220,36.698678,-4.437450,45.8,0.25
36225,36.698644,-4.437487,45.9,0.27
36230,36.698608,-4.437521,45.9,0.25
36235,36.698572,-4.437552,45.9,0.23
36240,36.698534,-4.437584,45.9,0.25
36245,36.698496,-4.437613,45.9,0.23
36250,36.698459,-4.437645,45.9,0.25
36255,36.698458,-4.437696,45.9,0.28
